:0200000480007A
:2000000000000000700059B30000000000000000000000000000000064B81E799B47E18668
:20002000910000F8D9FF5293DC0F0090EFBEEFBE7C150080A26400800000006000FE0000B0
:2000400001000000EFBEEFBEEFBEEFBE7C1500800CA700800400006000FE000080EE3600A1
:20006000EFBEEFBE000600F000B403F00100000000000000000600F000B503F003000000E7
:2000800001000000000600F000B403F00000000090000000000600F000B403F00100000094
:2000A00090000000000600F000B503F00200000090000000000600F000B503F003000000DF
:2000C00090000000000700F000B503F00100000000000000000700F000B503F0050000004C
:2000E00001000000000700F000C003F00900000002000000000700F000B103F00A000000A5
:2001000004000000000700F000D303F00D00000005000000000700F000A203F0030000007D
:2001200006000000000700F000A203F00200000090000000000700F000B103F00C000000F4
:2001400090000000000700F000B503F00000000090000000000700F000B503F00100000040
:2001600090000000000700F000B503F00400000090000000000700F000B503F00500000018
:2001800090000000000700F000C003F00A00000090000000000700F000D303F00C000000C2
:2001A00090000000000700F000D303F00D00000090000000000800F000B403F003000000B3
:2001C00000000000000800F000A203F00100000001000000000800F000B003F006000000EF
:2001E00003000000000800F000D303F00800000004000000000800F000A203F000000000A5
:2002000006000000000800F000A203F00000000090000000000800F000B003F0050000001B
:2002200090000000000800F000B403F00200000090000000000800F000B403F0030000005B
:2002400090000000000800F000D303F00800000090000000000800F000D303F009000000F1
:2002600090000000000900F000B503F00700000000000000000900F000C003F00300000097
:2002800002000000000900F000A003F00100000004000000000900F000C103F00600000018
:2002A00005000000000900F000A003F00000000098000000000900F000A003F00100000088
:2002C00090000000000900F000B503F00600000090000000000900F000B503F007000000AF
:2002E00090000000000900F000C003F00000000090000000000900F000C003F00300000083
:2003000090000000000900F000C103F00700000090000000000600F000000000000700F01C
:2003200001000000000800F002000000000900F0030000000050C348640000000050C348AC
:20034000640000001400000000000000000000000100000000000000000000000000000024
:20036000000000000000000000000000000001010700000000000901000000000602000062
:2003800000000A030000000000000000000000000101000000000000002A00F00000000034
:2003A000002B00F001000000000081F800000000000083F80100000000000200000000002A
:2003C00000A203F00000000088000000000002003000000000C203F0010000008800000090
:2003E000000002003500000000C103F00200000088000000000002005500000000B403F08A
:200400000500000088000000000002000800000000A203F00800000088000000000002001E
:200420000900000000A003F00000000088000000000103006700000000B003F00100000089
:2004400088000000000102000A00000000A003F00100000088000000000102000B000000DD
:2004600000A003F00200000088000000000102000100000000A203F001000000880000003D
:20048000000102001F00000000D303F00900000088000000000102002F00000000C203F0FC
:2004A0000000000088000000000102003600000000C103F003000000880000000001020039
:2004C0005400000000B403F00400000088000000000203006800000000B003F00200000083
:2004E00088000000000203006B00000000B003F00500000088000000000202000C000000C4
:2005000000A003F00300000088000000000202000200000000A203F0020000008800000098
:20052000000202002100000000D303F00B00000088000000000202003700000000C103F04E
:200540000400000088000000000202005300000000B403F003000000880000000003030080
:200560006900000000B003F00300000088000000000303006C00000000B003F006000000C9
:2005800088000000000302000D00000000A003F0040000008800000000030200030000009A
:2005A00000A203F00300000088000000000302003100000000C203F00200000088000000A6
:2005C000000302003800000000C103F00500000088000000000302005200000000B403F09F
:2005E0000200000088000000000402000E00000000A003F005000000880000000004020037
:200600000400000000A203F00400000088000000000402003200000000C203F003000000C5
:2006200088000000000402003900000000C103F00600000088000000000402003D0000006E
:2006400000C003F00300000088000000000402005100000000B403F00100000088000000D5
:20066000000502000F00000000A003F00600000088000000000502002800000000D203F04F
:200680000400000088000000000502003A00000000C103F007000000880000000005020043
:2006A0000500000000A203F00500000088000000000602001000000000A003F00700000061
:2006C00088000000000602002A00000000C303F00100000088000000000602003B000000DE
:2006E00000C003F00000000088000000000602000600000000A203F006000000880000008E
:20070000000702001100000000A003F00800000088000000000702004000000000C003F0A0
:200720000800000088000000000702000700000000A203F0070000008800000001000300F1
:200740000000000000A203F00000000088000000010003003000000000C203F00100000092
:2007600088000000010003003500000000C103F00200000088000000010002004400000033
:2007800000C003F00C00000088000000010002004C00000000B503F005000000880000008E
:2007A000010002004D00000000B503F00600000088000000010003000800000000A203F012
:2007C0000800000088000000010003000900000000A003F00000000088000000010102005D
:2007E0006700000000B003F00100000088000000010103000A00000000A003F001000000C3
:2008000088000000010103000B00000000A003F0020000008800000001010300010000001D
:2008200000A203F00100000088000000010103001F00000000D303F009000000880000001F
:20084000010103002F00000000C203F00000000088000000010103003600000000C103F038
:200860000300000088000000010102004500000000C003F00D000000880000000101020058
:200880004E00000000B503F00700000088000000010102004F00000000B503F008000000D0
:2008A00088000000010102005600000000B403F006000000880000000102020068000000B4
:2008C00000B003F00200000088000000010202006B00000000B003F005000000880000004B
:2008E000010203000C00000000A003F00300000088000000010203000200000000A203F02B
:200900000200000088000000010203002100000000D303F00B0000008800000001020300C7
:200920003700000000C103F00400000088000000010202004600000000C003F00E00000034
:2009400088000000010202005000000000B403F0000000008800000001030200690000001C
:2009600000B003F00300000088000000010302006C00000000B003F00600000088000000A6
:20098000010303000D00000000A003F00400000088000000010303000300000000A203F085
:2009A0000300000088000000010303003100000000C203F00200000088000000010303002E
:2009C0003800000000C103F00500000088000000010302004700000000B503F000000000A9
:2009E00088000000010403000E00000000A003F0050000008800000001040300040000002D
:200A000000A203F00400000088000000010403003200000000C203F003000000880000003B
:200A2000010403003900000000C103F00600000088000000010403003D00000000C003F03B
:200A40000300000088000000010402004800000000B503F001000000880000000105030082
:200A60000F00000000A003F00600000088000000010503002800000000D203F0040000004C
:200A800088000000010503003A00000000C103F0070000008800000001050300050000003A
:200AA00000A203F00500000088000000010502004100000000C003F0090000008800000087
:200AC000010502004900000000B503F00200000088000000010603001000000000A003F0E6
:200AE0000700000088000000010603002A00000000C303F0010000008800000001060300EA
:200B00003B00000000C003F00000000088000000010602004200000000C003F00A00000057
:200B200088000000010603000600000000A203F00600000088000000010602004A000000A7
:200B400000B503F00300000088000000010703001100000000A003F0080000008800000023
:200B6000010702004300000000C003F00B00000088000000010702004B00000000B503F0E5
:200B80000400000088000000010703000700000000A203F00700000088000000020002008F
:200BA0001200000000A003F00900000088000000020002001A00000000D303F00400000017
:200BC00088000000020002002000000000D303F00A000000880000000200030044000000C8
:200BE00000C003F00C00000088000000020002005E00000000B303F003000000880000001B
:200C0000020102001B00000000D303F00500000088000000020103004500000000C003F063
:200C20000D00000088000000020102005F00000000B103F002000000880000000202020087
:200C40001C00000000D303F00600000088000000020203004600000000C003F00E00000016
:200C600088000000020202006000000000B103F0030000008800000002030200150000003B
:200C800000A003F00C00000088000000020302001D00000000D303F00700000088000000B4
:200CA000020303004700000000B503F00000000088000000020302006100000000B103F0A9
:200CC0000600000088000000020402001E00000000D303F008000000880000000204020002
:200CE0002200000000D303F00C00000088000000020403004800000000B503F0010000007E
:200D000088000000020402006200000000B103F00900000088000000020502002300000080
:200D200000D303F00D00000088000000020503004100000000C003F00900000088000000C9
:200D4000020503004900000000B503F00200000088000000020502005B00000000B303F004
:200D60000000000088000000020502006300000000B103F00A00000088000000020602003F
:200D80006400000000B103F00B00000088000000020602002400000000D203F000000000C5
:200DA00088000000020602003E00000000C003F006000000880000000206030042000000D5
:200DC00000C003F00A00000088000000020603004A00000000B503F0030000008800000046
:200DE000020602005C00000000B303F00100000088000000020702006500000000B103F04A
:200E00000C00000088000000020702003F00000000C003F0070000008800000002070300A6
:200E20004000000000C003F00800000088000000020703004300000000C003F00B00000022
:200E400088000000020703004B00000000B503F00400000088000000020702005D00000017
:200E600000B303F00200000088000000030003001200000000A003F0090000008800000006
:200E8000030003001A00000000D303F00400000088000000030003002000000000D303F0F4
:200EA0000A00000088000000030003004C00000000B503F005000000880000000300030013
:200EC0004D00000000B503F00600000088000000030003005500000000B403F00500000088
:200EE00088000000030003005E00000000B303F00300000088000000030103001B000000B3
:200F000000D303F00500000088000000030103004E00000000B503F00700000088000000F2
:200F2000030103004F00000000B503F00800000088000000030103005400000000B403F021
:200F40000400000088000000030103005600000000B403F00600000088000000030103006C
:200F60005F00000000B103F00200000088000000030203001C00000000D303F006000000F4
:200F800088000000030203005000000000B403F000000000880000000302030053000000E7
:200FA00000B403F00300000088000000030203006000000000B103F0030000008800000068
:200FC000030303001500000000A003F00C00000088000000030303001D00000000D303F0E0
:200FE0000700000088000000030303005200000000B403F0020000008800000003030300CD
:201000006100000000B103F00600000088000000030403001E00000000D303F00800000047
:2010200088000000030403002200000000D303F00C00000088000000030403005100000047
:2010400000B403F00100000088000000030403006200000000B103F00900000088000000BF
:20106000030503002300000000D303F00D00000088000000030503005B00000000B303F0DB
:201080000000000088000000030503006300000000B103F00A000000880000000306030018
:2010A0006400000000B103F00B00000088000000030603002400000000D203F000000000A0
:2010C00088000000030603003E00000000C003F00600000088000000030603005C00000095
:2010E00000B303F00100000088000000030703006500000000B103F00C0000008800000017
:20110000030703003F00000000C003F00700000088000000030703005D00000000B303F031
:201120000200000088000000040017B7D138000000000000030017B7D13800000000000070
:20114000020017B7D1380000000000000300000028110080013B050017B75139120112023A
:20116000FF0F3F0312221402FFFFFF0F020000000F000000010000000F00000000000000A8
:201180003F000000000000003F000000D5140000FF7F0000002D3101000000F0000000001B
:2011A000000100F0010000005C680080D2690080F0670080EE68008094670080B46B008077
:2011C000EA6B0080766B00806C6C0080186E0080506F0080A86D0080906E0080006D00803C
:2011E000C870008094710080EC700080747100805A7000806B1B008003000000000000001E
:20120000000000005E6500805E650080F4780080000000000000000000000000000D00004F
:2012200000000000000000000000000000000000000000001E1C00800000000000000000F4
:20124000000000007D1C0080841C00808C1C0080941C00809C1C00800000000001010000C3
:2012600000000000010200000000000001050000268400809A840080A884008000000000F1
:20128000000000005B1E0080030000000000000000000000B01E0080000000000000000004
:2012A000000000000100000000000000392000800000000000000000000000006AAC0080BE
:2012C00076AC008082AC00808EAC00809AAC0080A6AC0080B2AC0080BEAC0080CAAC0080AE
:2012E000D6AC0080E2AC0080EEAC0080FAAC008006AD008012AD00801EAD00802AAD00808A
:2013000036AD008042AD00804EAD00805AAD008066AD008072AD00807EAD00808AAD008065
:2013200096AD0080A2AD0080AEAD0080BAAD0080C6AD0080D2AD0080DEAD0080EAAD008045
:20134000F6AD008002AE00800EAE00801AAE008026AE008032AE00803EAE00804AAE00801E
:2013600056AE008062AE00806EAE00807AAE008086AE008092AE00809EAE0080AAAE0080FD
:20138000B6AE0080C2AE0080CEAE0080DAAE0080E6AE0080F2AE0080FEAE00800AAF0080DC
:2013A00016AF008022AF00802EAF00803AAF008046AF008052AF00805EAF00806AAF0080B5
:2013C00076AF008082AF00808EAF00809AAF0080A6AF0080B2AF0080BEAF0080CAAF008095
:2013E000D6AF0080E2AF0080EEAF0080FAAF008006B0008012B000801EB000802AB0008071
:2014000036B0008042B000804EB000805AB0008066B0008072B000807EB000808AB000804C
:2014200096B00080A2B00080AEB00080BAB00080C6B00080D2B00080DEB00080EAB000802C
:20144000F6B0008002B100800EB100801AB1008026B1008032B100803EB100804AB1008005
:2014600056B1008062B100806EB100807AB1008086B1008092B100809EB10080AAB10080E4
:20148000B6B10080C2B10080CEB10080DAB10080E6B10080F2B10080FEB100800AB20080C3
:2014A00016B2008022B200802EB200803AB2008046B2008052B200805EB200806AB200809C
:2014C00076B2008082B200808EB200809AB20080A6B20080B2B20080BEB20080CAB200807C
:2014E000D6B20080E2B20080EEB20080FAB2008006B3008012B300801EB300802AB3008058
:2015000036B3008042B300804EB300805AB3008064B300806EB3008078B3008082B3008047
:201520008CB3008096B30080A0B30080AAB30080B4B30080BEB30080C8B30080D2B300809B
:20154000DCB30080E6B30080F0B30080FAB3008004B400800EB4008018B4008022B40080F7
:201560002CB4008036B4008040B400804E414E006E616E00494E4600696E6600706F6C6C42
:20158000000002020202020202020203010101010202020202020202020202020202020212
:2015A000020204404040404040404040404040404040202020202020202020204040404023
:2015C0004040408888888888880808080808080808080808080808080808080808404040BB
:2015E0004040409090909090901010101010101010101010101010101010101010404040CB
:20160000400200000000000000000000000000000000000000000000000000000000000088
:201620000000000000000000000000000000000000000000000000000000000000000000AA
:2016400000000000000000000000000000000000000000000000000000000000000000008A
:2016600000000000000000000000000000000000000000000000000000000000000000006A
:20168000000066756E6341004D61696E5F63707530006D6F746F7231006C6564315F706901
:2016A0006E0070776D31006D6F746F72315F696E31006D6F746F72315F696E3200496E6984
:2016C0007469616C697A696E67206D6F746F722068617264776172652E2E2E004D6F746F57
:2016E0007220686172647761726520696E697469616C697A65640053657474696E67206DE9
:201700006F746F7220737065656420746F3A202566004D6F746F722050574D2064757479E1
:20172000206379636C652073657420746F3A2025642028252E316625252900737065656471
:2017400020213D204E554C4C0043757272656E74206D6F746F722073706565643A20256468
:201760000053657474696E67206D6F746F7220646972656374696F6E3A202564004D6F7446
:201780006F7220646972656374696F6E3A20464F5257415244004D6F746F72206469726543
:2017A0006374696F6E3A204241434B57415244004D6F746F7220646972656374696F6E3A47
:2017C0002053544F50004D6F746F7220656D657267656E63792073746F70210064726976F7
:2017E00065725F6D6F746F72006D6520213D204E554C4C006E616D6520213D204E554C4C5D
:201800000070696E5F696E3120213D204E554C4C0070696E5F696E3220213D204E554C4CB9
:201820000070696E5F656E6120213D204E554C4C004D6F746F7220647269766572205B2598
:20184000735D20696E697469616C697A6564207375636365737366756C6C79006472697608
:2018600065725F70696E0053657474696E672050574D206672657175656E637920746F3ACA
:2018800020256420487A006672657175656E637920213D204E554C4C0043757272656E742F
:2018A0002050574D206672657175656E63793A20256420487A00496E76616C69642064759D
:2018C0007479206379636C653A20256420286D61783A202564290053657474696E67205020
:2018E000574D2064757479206379636C6520746F3A2025642F25642028252E3166252529EB
:2019000000647574795F6379636C6520213D204E554C4C0043757272656E742050574D20A2
:2019200064757479206379636C653A2025642F25642028252E316625252900647269766557
:20194000725F70776D0050574D20647269766572205B25735D20696E697469616C697A6500
:201960006420776974682070696E20256400496E697469616C697A696E672050574D206890
:201980006172647761726520666F722070696E2025640050574D2068617264776172652068
:2019A000696E697469616C697A6564207375636365737366756C6C7900496E76616C696485
:2019C000206672657175656E63793A202564006D652D3E73757065722E757365725F6461B5
:2019E000746120213D202828766F6964202A292030290062756666657220213D20282876A8
:201A00006F6964202A292030290073697A6520213D2030006472697665725F75617274006E
:201A2000626F756E647261746520213D203000756172745F696E6465783A25642C626175BA
:201A400064726174653A25642C74785F70696E3A25642C72785F70696E3A25640D0A006D2F
:201A60006520213D202828766F6964202A2920302900636F6E66696720213D202828766F2C
:201A80006964202A29203029001B5B313B33316D417373657274206661696C757265210D32
:201AA0000A004C6F636174696F6E3A2025732025642E0D0A0041737365727420696E666FC5
:201AC0003A2025732E0D0A0041737365727420696E666F3A2025642E0D0A004564664465B1
:201AE00076696365005F6564665F7461626C655B695D2D3E617474722E6E616D6520213DB6
:201B0000204E554C4C006D652D3E6D7574657820213D204E554C4C006D652D3E6F70732072
:201B2000213D202828766F6964202A29203029006D652D3E6F70732D3E656E61626C6520B8
:201B4000213D202828766F6964202A29203029005F6D757465785F65646620213D2028280B
:201B6000766F6964202A29203029006D757465785F656466005F6564665F646576696365A9
:201B80005F636F756E74203C2028363429006174747220213D202828766F6964202A292098
:201BA000302900617474722D3E6E616D6520213D202828766F6964202A29203029007265A2
:201BC00074203D3D206F734F4B006D652D3E6D7574657820213D202828766F6964202A29D8
:201BE0002030290053657269616C4E756C6C00654C61625F4578706F7274004578706F720E
:201C00007420696E69742025732E202C6C6576656C3A25640D0A004564664C6564006C6563
:201C2000645F74696D65720070696E5F6E616D6520213D204E554C4C0021656C61625F6428
:201C400065766963655F76616C6964286E616D652900656C61625F6465766963655F76617E
:201C60006C69642870696E5F6E616D6529007265745F6F73203D3D206F734F4B001B5B302B
:201C80003B306D001B5B313B33316D001B5B303B33336D001B5B313B33346D001B5B303B6E
:201CA00033326D0025735B25632F2573204C3A25642C543A25755D20002573002045574973
:201CC000444564664D6F746F72006F707320213D204E554C4C004D6F746F722064697265A0
:201CE0006374696F6E2073657420746F3A202564004564665F50696E006E616D6520213DC1
:201D0000202828766F6964202A29203029006F707320213D202828766F6964202A29203000
:201D20002900726574203D3D20454C41425F4F4B004564665F50776D00647574795F6379C5
:201D4000636C65203C3D2050574D5F445554595F4359434C455F4D41580070776D2D3E6FBB
:201D600070732D3E7365745F647574795F6379636C6520213D204E554C4C0050574D2064E4
:201D80006576696365205B25735D2072656769737465726564207375636365737366756C19
:201DA0006C79006672657175656E6379203E20300070776D2D3E6F707320213D204E554C20
:201DC0004C0070776D2D3E6F70732D3E7365745F6672657175656E637920213D204E554C31
:201DE0004C004564665F53657269616C0073657269616C2D3E73656D5F747820213D204E62
:201E0000554C4C006275666620213D204E554C4C00656C61625F6465766963655F69735F5C
:201E2000656E61626C6564286D65290073657269616C2D3E6F707320213D204E554C4C009E
:201E400073657269616C2D3E6F70732D3E777269746520213D204E554C4C006D75746578A3
:201E60005F73657269616C5F68616C665F6475706C65780073657269616C2D3E6F70732D2E
:201E80003E7365745F747820213D204E554C4C0073657269616C2D3E6F70732D3E726561B4
:201EA0006420213D204E554C4C0066616C73650073657269616C5F74696D65720073657290
:201EC00069616C2D3E6F70732D3E656E61626C6520213D204E554C4C0063616C6C626163A2
:201EE0006B20213D204E554C4C0073657269616C20213D204E554C4C0073657269616C2D98
:201F00003E6D757465785F747820213D204E554C4C0068616E646C655F636D6400737065E5
:201F200065643A2566004558504F52545F4C4544006C65643100266C65643120213D204E1F
:201F4000554C4C0072696E6762756600726220213D202828766F6964202A292030290072D5
:201F6000696E676275665F68616E646C650072696E6762756620213D204E554C4C00686588
:201F800061646572206F6B00686561646572206572726F720072696E6762756666657220AE
:201FA000656D7074790072656D61696E696E674C656E3D257800636865636B73756D206F5D
:201FC0006B00636865636B73756D206572726F720064697370617463680053746174654D5B
:201FE000616368696E65003020213D206D65003020213D20696E6974003020213D206D65B7
:202000002D3E74656D70006D652D3E7374617465203D3D206D652D3E74656D700074657348
:20202000745F6578706F72740066756E635F5445535400756172743100746573745F7469F7
:202040006D657200496E76616C6964206D656D6F727920626C6F636B0A0020007C200025A6
:2020600063005C3020005C6120005C6220005C7420005C6E20005C7620005C6620004D4556
:202080004D4F525920535441525420414444524553533A2025702C204F55545055542025B4
:2020A000642042595445532E0D0A005C7220002530327820002E002020002D000D0A0020F1
:2020C0004F465320200025325820007C204153434949002530346C753A2000253032582041
:2020E0000066696C653A2025730066696C653A206D646B2F2573006C696E653A20256400C6
:202100000D0A66696C65202573206C696E652025643A2025732E0D0A000D0A66696C6520D1
:202120002573206C696E652025642E0D0A00417373657274206572726F72002E2E2F6C6935
:20214000627261726965732F7A665F636F6D6D6F6E2F7A665F636F6D6D6F6E5F6669666FA6
:202160002E6300524D430047474100544853002E2E2F6C69627261726965732F7A665F6414
:2021800072697665722F7A665F6472697665725F70776D2E63002E2E2F6C69627261726969
:1E21A00065732F7A665F6472697665722F7A665F6472697665725F756172742E6300A9
:1A21C00000A03CFF8816008073646820737468A0036568CA0BC30030009096
:2021E0000F05D011174580010B00D0010F00B02142218B0101110F2010006B0500200090F1
:202200003256FF0626003B00FEFF3FF617000F6510308B0602601745802600903256FF06C1
:2022200018003B00FEFF3FF60F000F6500308B060260174580260090A2F63705C13F0F6599
:2022400010200090A2F682030F6500200090DA207FF60700174580360F6400200090A2F63A
:2022600082020F6400300090820C822D3C130757FFCF8755BFDFCE57460546048B1480405C
:202280008B05A050CE77460746068B1680608B07A07082028203820082013A260B2700F22B
:2022A0006E023C4F0B6430F10B7500F20B75A0F26E04024002513C453A640B7500F26E0306
:2022C00082123C3F3B0004E00B6030F10B7100F20B71A0F2DE1087559FFF06116701801F42
:2022E0008B1FE0060248025906156745805F0614C2FE3CEB0284029506F067101F0006F162
:20230000C21E82087AE86E1D87559FFF06116701801F8B1FE0060B60C0A00B71D0B007BBB5
:202320009FFF06156745805F061406136723803F8B1FE0266E0302A002B1C2183FE8E67F01
:2023400076C7460346028B1280208B03A030DF2D0B00071DE0FF76F7460146008B108000E5
:062360008B01A0100090AB
:2023680080448055A6546F040D80444F8B0FC04A44557E55DF04FB7F82020090B0C4B0C5C5
:20238800044FCAFF04555F5FFD7FABF53F55525200903B00034040F440C5007074DF3B0069
:2023A800034040C4007061000E00370A6800DA0A4BF011020070610006003BE0024040C4DC
:2023C800007054DFC21F74DF00706D0033170090404F6D00C114022F02F46D00BD1314F02E
:2023E800B700010034F002F46D00D6140090FF440B00538420F0910000F8D9FF14C010FFA3
:20240800D4F23C02A0023C010090094F4C18161F3C0182003E0E82103E0E82203E0F8240B6
:20242800BE003B800000BE003B000100BE003C1282023C126D006D103C0F6D00B60F3C0C94
:202448006D00DA0F3C096D003E0F3C066D00270F3C0382023C013C01009082F282003C1724
:20246800538020F0910000F8D9FF14C010FFD4FF7D4F0D80538020F0910000F8D9FF14C0E9
:2024880010FF481F370F48203C04C210BF40EAFF3C010090404F40F46DFFB9FF09FFD4087E
:2024A800370F6CF0C21F4B0F41F14BF251203C0100906DFFD4FF53C220F060FF9140003FB7
:2024C80030F3D93F002849F2080A3C0100906DFFC6FF53C220F060FF9140003F30F3D93284
:2024E8000028B0423C0100906DFFB9FF53C220F060FF9140003F30F3D93200283C01009012
:20250800494F081A3C0554FF345FB015C2F4FF14FCFF02423C0100902010404F0B54108882
:20252800026A89A7080909FF4C18161F78033C0140F46DFFB1FFC2188B4860F3370F68F09F
:2025480074AF8B1A60F3370F68F0780154AF4B0F61F14BF941503BF026F19B3FA8F34BF5C6
:20256800413082044B5251004B00716182108F461FF06E0D7B0018144B1941104B12511046
:202588004B0171118F411FF06E023C010269821882074B0061014B0241F04B0661014B0F13
:2025A80051006B0031F582014B1F01F0AE046B0031B53C056B0031F567FFBFBF4B3B01F023
:2025C80016038B0F20F26E028214822D3C39DF2D05808210821E3C0773D70A004B801102CC
:2025E8008B1000E03C234B0D61A14BA241A0036D0AC04B0C61F14BFA51C06B0C31F5820A6F
:202608004BAF01F0AE046B0C31A53C056B0C31F567FFBFAF4BAB01F0370F61F16E0602AB76
:2026280002D8036D0A900207C2107F0EDEFF4B3B01F016038B0F20F26E023C09C21DF6475C
:20264800736D0AF03BF0FF007FF0C3FF820440F46D00360009FFE00837097000370F0CF0FE
:2026680089FFA00809FFE20837087000370F0CF089FFA20809F0560854AFC2FF370F68F054
:2026880037F004F089FF160809F05708580137F004F089FF170858026E03DA013C02DA0040
:2026A80009F0570837F081F389FF170840F409A40C096D00050082123C010090094F4C18F3
:2026C800374F05F0894F0C18F6493C01094F4F18370FE1F33C01EEFB3C093C01094F4F18BF
:2026E800370FE1F33C01DF1FFBFF0090494F041A3C0C145F74FFB015C2F43C010C4E161FC8
:202708003B0001005F0FFC7FFF14F5FF02423C0100902008F4A4405DD4DFF44F40F46DFF81
:2027280059FE820440F46DFFCBFFDA0009F05A0837F002F089FF1A0809DFC80809F0D408C5
:20274800C2FF370F70F037F00CF0ACFA09D46C0840F46DFFB5FF09D4040909D54A0809D6A3
:202768004D0809D74C0840F46DFFD8FE0228820440F46DFFA5FF09DF7C086E0382103C02B1
:202788008200087F370F01F22CF709DF56086E03DA013C02DA0009F05B0837F001F389FF23
:2027A8001B0809DF540809F05B0837F081F389FF1B0809DF510809F0590837F083F089FF4B
:2027C800190809DF530809F05B0837F001F289FF1B0809DF550809F05C0837F004F089FF27
:2027E8001C0809D0580808CF370F02F32CFC09DF590809F0500837F002F389FF100809DFFC
:20280800500809F0D80837F003F3ACFC09D05A0808DF8BF0200337006800370F04F02CFDF8
:2028280009DF5B0809F051088BFF20F3370F68F037F004F089FF110809DF520809F05A085F
:2028480037F002F089FF1A0809DCA809BD0C7900D4CEBD0E280009C0040809C95D084CE107
:202868006E2109E4840909E44808370068506D00C20C09E4840909E4480802956D00ED0C2C
:20288800D4E2DA016E0382103C0282000C27370F81F22C27D4E20CEC0920460837F002F05F
:2028A8002C2609CE8809BD0E1E0009C00C0809C95D084CE16E1709E4840909E448083700B9
:2028C80068506D00980C09E4840909E4480802956D00C30CD4E20CEC0920440837F003F060
:2028E8002C2409CE9009BD0E150009C5540809C95D0809E4840909E448080CECA6F56D0018
:202908007A0C09E4840909E4480802956D00A50C09CE9809BD0E150009C55C0809C95D08FC
:2029280009E4840909E448080CECA6F56D00630C09E4840909E4480802956D008E0C09D437
:202948006C0840F46DFFBCFEDA0089FF001982FF6CFFDA00D4A22C2E09DF6D082E0CDA011E
:202968006E03DA013C02DA0009F0421837F001F089FF021809DF6D082E1CDA016E03DA0110
:202988003C02DA0009F0421837F001F189FF021809DF6D082E2CDA016E03DA013C02DA0013
:2029A80009F0431837F001F189FF031809DF6D082E3CDA016E03DA013C02DA0009F04318A5
:2029C80037F081F189FF031809DF6D082E4CDA016E03DA013C02DA0009F0431837F001F32E
:2029E80089FF0318DA002C2DDA002C2C09DF7D082C2FD20089205409DA006C240C2F820000
:202A08003E0482103E043C0682193C063BC000903C0382093C014CDC6E0C09D4B00909D4D2
:202A2800AE0802956D00F112D4A4894284093C0909D4AE0802956D00D412D4A4894284096F
:202A48004CDE6E0C09D4B80909D4B40802956D00DC12D4A4894288093C0909D4B408029558
:202A68006D00BF12D4A48942880909D9660809DFE208EE03DF39228040F46DFF2AFD09DFC0
:202A8800E2081420370F68F037F008F0342F0C21379F82F12C210C2396022C23DA016E03CB
:202AA800DA013C02DA0009F0431837F001F289FF03180C2196042C2109DFE008EE03DF391D
:202AC800228040F46DFF12FD09DFE0081420370F68F037F008F0342F0C21379F82F12C21B6
:202AE8000C2396022C23DA016E03DA013C02DA0009F0431837F081F389FF03180C21960420
:202B08002C2109DFE4086E2140F46DFFD4FC09DFE4081420370F68F037F008F0342F0C2138
:202B2800379F82F12C210C2396022C23DA016E03DA013C02DA0009F0421837F001F089FFAF
:202B480002180C2196042C21DA016E03DA013C02DA0009F0500837F081F089FF1008DA019C
:202B68006E0382103C02820008CF370F81F02CFC09FF5008960189FF100808CF96012CFCA7
:202B880002823C010090F445DA00894F3C08DA01894F2C08DA01AC447B107EF46C41DA0374
:202BA8002C4ADA002C4CDA032C4DDA00894F1008DA01894F1108DA01894F1208DA00894FDA
:202BC8001308DA00894F1608DA00894F1408DA07894F1508DA01894F1808DA01894F1908B7
:202BE800DA00894F1A08DA00894F1B08DA00894F1C08DA00894FA208DA00894FA008DA00BE
:202C0800894FA408DA00894F2608DAFF894F2D08A00FEC4AA00FEC4EA00FEC4CDA00894FFB
:202C2800AE08DA00894FB408DA00894F3D080090D44F09FF760816013C016E0909FF7E08DF
:202C4800960189FF3E080C4E96012C4E09FF7608370F61F13C016E0909FF7E08960489FF1A
:202C68003E080C4E96022C4E09FF7708370F61F13C016E0909FF7F08960489FF3F080C4E75
:202C880096042C4E09FF7708370FE1F13C016E0909FF7F08960889FF3F080C4E96082C4E57
:202CA80009FF7708370F61F33C016E0909FF7F08964089FF3F080C4E96102C4E0090404F6A
:202CC8006D004A10022F02F46D00460F821074F002F46D0061103C0114FF370FE1F0BA0F42
:202CE8003C01DF1FFB7F0090404F6D003510022F02F46D00310F14F0B700010034F002F49C
:202D08006D004A103C0114FF370FE1F0BA0F3C016EFB0090FF240B00538420F0910000F8E0
:202D2800D9FF18E010FFD4F23C02A0023C01009082F282003C17538020F0910000F8D9FFAC
:202D480018E010FFD4FF7D4F0D80538020F0910000F8D9FF18E010FF481F370F48203C0498
:202D6800C210BF20EAFF3C01009002486DFFE2FF914000FFD9FF6008530221F010FF53482D
:202D880020F010F23C0100907643DF140980094F6C28375F02F0894F2C283C42DF240400F2
:202DA800DF340980094F6C28375F02F1894F2C283C37DF440400DF540980094F6C28375FF6
:202DC80002F2894F2C283C2CDA0C7E48094F6C28375F02F3894F2C283C23DA0A3E43DA0D69
:202DE8007E48094F6D28375F02F0894F2D283C18DF640400DF740980094F6D28375F02F176
:202E0800894F2D283C0DDA083E43DA097E48094F6D28375F02F2894F2D283C0200A0009016
:202E2800404F0B451088026A6D00730B022B4B8B51406D004711022082033C0782224B206A
:202E48000102F6023C05C213DA103FF3F9FFDA107FF34B8076A682204B0911029AF03C0231
:202E68009AF9370F700009F1E4083701100089F0A408DA018200820137F101133701011742
:202E880089F138198F7300F182005380201082700F10000009F2301982F4C64026020F1FC0
:202EA80000F0A6F289F230198F8300F18B0F20F26E0DDA00538F20F0C23F82100FF0000036
:202EC80009FF3019A60F89FF301909FF701837AF81F389FF3018DA010F3F00F04B0F61F194
:202EE8004BFB51203C0282023C010090094054080C5C8B4FA0F237F001F3894F14080940B3
:202F080051080C5C37F002F3894F11080090404F024F02586D00FD0A02294BF951406D0030
:202F2800D110022082033C0782224B200102F6023C05C213DA103FF3F9FFDA107FF33F806F
:202F4800C2F83708700009F1D4183701100089F09418820082118202370201233712012746
:202F680089F238198F7300F182105380201082700F10000009F2301982F4C64026020F1FCE
:202F880000F0A6F289F230198F8300F18B0F20F26E0DDA01538F20F0C23F82100FF0000054
:202FA80009FF3019A60F89FF3019DA010F3F00F04B0F61F14BF951203C0282023C01009029
:202FC800094054080C5C8B4FA0F237F081F3894F1408094054080C5C37F002F0894F1408C7
:202FE8000090404D405FC86C89DC900914CF370FE1F0BA0F3C01EE0440C46DFF77FE09FFFC
:203008005C081E1409FF5D086E5CDA0182100FF000004CC1260F6E03DA013C02DA003C018C
:20302800EE08DA0182100FF000004CC1A60F6CC109FF69086E2248BF6E05C864C8B56DFF9F
:20304800C1FFDA0109F07008532F2010C22182320F1200204CC582F3C632262F0F100000E0
:20306800A60F6CC5483F370F70F009C0D41837F010F089CF94183C064824483540C46DFFBA
:2030880048FF09FFF80809C0D01837F010F089CF901809FF5D186E1409FF5D08EE1109FF8E
:2030A8007A0809C0741837F003F189CF341809FF7B0809C0741837F082F289CF34183C0116
:2030C80009FF5C086E0709FF5D18EE0409FF5D086E644818820182100F1000004CC126F0A2
:2030E8007603DA013C02DA003C01EE08820082110F0100104CC1A61F6CC109FF5D186E0BFF
:2031080009FF5D08EE08484F6E0609FF7A085E5248483C0109FF60086E31489F6E05C8649D
:20312800C8956DFFE5FEDA0009F06808532F20F09221DA030F1F00204CC582F3C632262F55
:203148000F100000A60F6CC509FF740809C0701837F081F389CF301809FF74085E16DA027E
:203168004BF811028BF01F80370870F009C0E40837F010F089CFA4083C0854F409F6740851
:2031880040C402856DFF4EFE09FFF60809C0E00837F010F089CFA00809FEA019BD0E230058
:2031A800D4ECBCCF09EF080809C4840909C44808370F68506D001F08D4C440C56DFF98FE0C
:2031C80009EC8409BCCF09EF080809C4840909C44808370F68506D000E08D4C440C56DFFD1
:2031E800F1FE09FFFE086E2CC86209F07C08DA010F0F00F009203029A6F089203029C8645A
:2032080009F47C0809F57D086DFFC0FDC86409F47D086DFFACFD09F0401809FFFE08142122
:20322800370F68F037F108F0342F0C21370F82F12C210C2396022C230C2196042C2109FF00
:20324800C4186E2CC86209F04218DA010F0F00F009203029A6F089203029C86409F44218ED
:2032680009F543186DFF92FDC86409F443186DFF7EFD09F0461809FFC4181421370F68F079
:2032880037F108F0342F0C21370F82F12C210C2396022C230C2196042C2109FFCA186E2CC2
:2032A800C86209F04818DA010F0F00F009203029A6F089203029C86409F4481809F5491898
:2032C8006DFF64FDC86409F449186DFF50FD09F04C1809FFCA181421370F68F037F108F09C
:2032E800342F0C21370F82F12C210C2396022C230C2196042C2109FFD0186E2CC86209F059
:203308004E18DA010F0F00F009203029A6F089203029C86409F44E1809F54F186DFF36FDA9
:20332800C86409F44F186DFF22FD09F0521809FFD0181421370F68F037F108F0342F0C2194
:20334800370F82F12C210C2396022C230C2196042C2109FF5C0889DF140849FF141A49D2B4
:20336800180AA02444FF642FFC4E00902068910000F8D9FF34C049FF000A49A2000AC506C0
:20338800180044FF642FFC6E49AF000A4942000AC506180044FF642FFC6E89459809009014
:2033A800404F09FF5408DF1F3780C842DA008210820137F10113370101178921381909FFD5
:2033C8006108EE28487F6E1BC842821009FF6008532020008B80001082300F100000092260
:2033E800341982F3C63026020F1F00F0A6F289223419C844C8756DFFE5FD3C0BC842DA0075
:203408008210820137F1811037018114892138193C013C0109FF54086E0409FF61086E32AD
:20342800C842DA018200820137F101133701011789213819486F6E1BC842820009FF6008D7
:20344800532020008B80001082300F1000000922341982F3C63026020F1F00F0A6F2892279
:203468003419C844C8656DFF43FD3C0BC84FDA018200820137F181103701811489F1381983
:203488003C010090404F40F46D002F0082504DC0E1FF16073C013E289110003030F3D93379
:2034A800C04F54313C034D00D01F3701E2F05E1382003C173701E2F0EE13534220F060FF96
:2034C8009130003F30F3D93F1436081F16075E1382103C05081F16075E3282203C02825051
:2034E80002023C010090822282003C17538020F0910000F8D9FF28E010FFD4FF7D4F0D80F3
:20350800538020F0910000F8D9FF28E010FF481F370F68203C04C210BF20EAFF3C0100906C
:20352800404F024F40F46DFFE0FF02286E031E325E4382093C0282195E23821A3C02820A4D
:20354800DF1949804DC0E1FF16073C015F8F28006D00160C022802846D00260B913000CFD8
:20356800D9CC143640F46DFFC0FF534220F010C2142F37AF02F0342F02846D00340C91102C
:20358800003030F3D933C04F543FB72F82F09110003030F3D933C04F743F3C1C6D00DC0B5C
:2035A800022B02B46D00D80A913000FFD9FF1436534820F010FF9130002FD9221436534865
:2035C80020F01022142F37AF02F034FF02B46D00E30B02923C01009082124DC0E1FF160743
:2035E8003C01FF2F0B80538F20F0910000F8D9FF28E010FFD4FF3C02A00F3C017DF4048071
:2036080082023C109110003030434933088A543F06F4374F9FF09110003030434933088A8C
:20362800743F3C010090404FDA0140F46DFFD6FF262F40F46DFF28FFF626821440F46DFFB5
:2036480071FF262F02F23C010090913000FFD9FF004654FF370F6EF18FFF83813C01911096
:2036680000A7D9AA408F0D0080043B0098F0CD4FE00F0D00C0044D00E0FFB70F14F0CD0F47
:20368800E00F0D00C00482117617DA009601CD4F20090D00C0044DC0E1FF8F7F00213C0162
:2036A800913000FFD9FF004653C220F010FF54F037006E018FF083313C01913000FFD9FFFE
:2036C800004653C220F010FF54FF2E1B8F2320F0960154F0370070088F002100A6F074F0D6
:2036E8008F2320F0960254F0370070088F002100A60F74FF3C0154FF1601DF1FFE7FDA00A1
:20370800761382003C028210370F81F0CDCF20090D00C004913000FFD9FF004653C220F076
:2037280010FF54FF2E1B8F2320F0960154F0370070088F002100A60F74FF86238F3340F116
:2037480054F0370070088F002100A60F74FF3C0154FF6F0FFF7F0D00C00482114DC0E1FFB9
:203768008F7F00213C01913000FFD9FF004653C220F010FF54F037006E018FF083313C0169
:20378800913000FFD9FF004653C220F010FF54FF2E1B8F2320F0960154F0370070088F0098
:2037A8002100A6F074F08F2320F0960254F0370070088F002100A60F74FF3C0154FF16011A
:2037C800DF1FFE7FDA00761382003C028210370F81F0CD0F04090D00C004913000FFD9FFA8
:2037E800004653C220F010FF54FF2E1B8F2320F0960154F0370070088F002100A60F74FF87
:2038080086238F3340F154F0370070088F002100A60F74FF3C0154FF6F0FFF7F0D00C004DC
:20382800913000FFD9FF004654FF2E1B8F2820F0960154F0370070088F002100A60F74FFDD
:203848008F2820F0960254F0370070088F002100A60F74FF3C0154FF1601DF1FFE7F910083
:2038680000F8D9FF004080FFCD4FE20F0D00C00491F000F8D9FF000480FFCD0FE20F0D0025
:20388800C004911000F7D9FF80CF80FFCD8FE20F0D00C004913000FFD9FF004654FF2E1B86
:2038A8008F2820F0960154F0370070088F002100A60F74FF8F2820F0960354F03700700884
:2038C8008F002100A60F74FF3C0154FF6F0FFF7F91000000D900000091000010D911000087
:2038E80091000080D988000091000090D9990000911000F7D9FFC00F91100027D922C001F8
:20390800A004802080FFA2F0DA404BF0114282003C1E80FFB70F1CF08F4F1F1080FFBBF03E
:20392800FF2F0662262F06AFA6F1F606CD81E30F0D00C0043C0274419AD47E05CDC1E30FD7
:203948000D00C00440F449FF001AC2103F40E3FFDA00744F6D00140A022F02846D0053091D
:2039680002F46D0094096DFF32F56D00090A913000FF19FF30366F1F12008F2220F09601F6
:20398800913000FF19F03036370070088F002100A60F913000FF59FF303686228F2240F1D4
:2039A800913000FF19F03036370070088F002100A60F913000FF59FF30363C01913000FF41
:2039C80019FF30361601DF1FFB7FDA00913000FF59FF181691000048D9440C516D001706D5
:2039E8009130884F910000F8D9FF868380F46DFF1CFE910000F8D9FF6C76DC0F0090913044
:203A080000FFD9FF0C4654FF370F6EF18FFF83113C01912000A6D9AA408B0D0080043B00AD
:203A280098F0CD4FE00F0D00C0044D00E0FFB70F14F0CD0FE00F0D00C00482127627DA007D
:203A48009601CD4F20090D00C0044DC0E1FF8F7F00313C01913000FFD9FF004653C320F044
:203A680010FF54F037006E018FF083413C01913000FFD9FF004653C320F010FF54FF2E1B16
:203A88008F2420F0960154F0370070088F002100A6F074F08F2420F0960254F037007008D9
:203AA8008F002100A60F74FF3C0154FF1601DF1FFE7FDA00762382003C028210370F81F088
:203AC800CDCF20090D00C004913000FFD9FF004653C320F010FF54FF2E1B8F2420F096013F
:203AE80054F0370070088F002100A60F74FF86248F3440F154F0370070088F002100A60FFD
:203B080074FF3C0154FF6F0FFF7F0D00C00482124DC0E1FF8F7F00313C01913000FFD9FF38
:203B2800004653C320F010FF54F037006E018FF083413C01913000FFD9FF004653C320F094
:203B480010FF54FF2E1B8F2420F0960154F0370070088F002100A6F074F08F2420F0960260
:203B680054F0370070088F002100A60F74FF3C0154FF1601DF1FFE7FDA00762382003C021D
:203B88008210370F81F0CD0F04090D00C004913000FFD9FF004653C320F010FF54FF2E1B6B
:203BA8008F2420F0960154F0370070088F002100A60F74FF86248F3440F154F03700700847
:203BC8008F002100A60F74FF3C0154FF6F0FFF7F0D00C004913000FFD9FF0C4654FF2E1B22
:203BE8008F2120F0960154F0370070088F002100A60F74FF8F2120F0960254F03700700850
:203C08008F002100A60F74FF3C0154FF1601DF1FFE7F91F000F8D9FF000680FFCD4FE20FBF
:203C28000D00C00491F000F8D9FF000480FFCD0FE20F0D00C004912000F6D9FF80CB80FFF0
:203C4800CD8FE20F0D00C004913000FFD9FF0C4654FF2E1B8F2120F0960154F0370070086E
:203C68008F002100A60F74FF86218F3140F154F0370070088F002100A60F74FF3C0154FF71
:203C88006F0FFF7F91000000D900000091000010D911000091000080D98800009100009098
:203CA800D9990000912000F6D9FFC00B91200026D922C00DA004802080FFA2F0DA404BF0F7
:203CC800114282003C1E80FFB70F1CF08F4F1F1080FFBBF0FF2F0662262F06AFA6F1F606F2
:203CE800CD81E30F0D00C0043C0274419AD47E05CDC1E30F0D00C00440F449FF001AC2100E
:203D08003F40E3FFDA00744F910000F8D9FF6486DC0F0090404F6D001F08022F02F46D0020
:203D28001B0791A0003030F3D933C04F5430B700010091A0003030F3D933C04F743002F445
:203D48006D002A0800906D00CC03913000FF39FF3506370F64F24B0F41F14BF251203C01AA
:203D68003C01009037046800DA084BF00102DA0203F10AF6370F68F0DF15068082220FF21E
:203D880010203C0482120FF210203C010090404F026F82066DFFE8FF6E04681268223C028A
:203DA80068120090404F026F82066DFFDDFF6E04684268523C0268420090404F3B000160A8
:203DC8006DFFD2FF74F20090404F024F0269820602F46DFFC9FF02283B0001600BF9104889
:203DE8006DFFC2FF8F0201F0A6F868680090DA01744F0090804F53042800420F60FF3C01A5
:203E080048423C010090BC41DA024BF50102534020F053042100600F9140003F30F3D93F52
:203E2800C06910F23C010090804F53042800420F60FF3C0168550090804F53042800420F5B
:203E480060FF3C0168350090804F53042800420F60FF3C0168450090804F53042800420F7A
:203E680060FF3C0168250090804F53042800420F60FF3C01481F375F02F06CF10090804F9B
:203E880053042800420F60FF3C014890DA006CF948BF375F02F06CFB68907663DA013C02B7
:203EA800DA0037F001F0767382103C028200370F81F06CF90090804F53042800420F60FF23
:203EC8003C01DF15048082103C028200481F370F81F56CF10090404C405F8218D4F2F4C282
:203EE800084F2CC4084F3B008000E20FD4F21022911000303023D93D000D89CD880909FF42
:203F080005082CC549DE001A89CE8C0909FF52085E1709F40508821540E46DFF50FF09F41A
:203F280005088215821640E46DFF50FF09F4050809F5500840D46DFFC0FF09F40508086548
:203F480040D46DFF93FF487F6E08C87409F4600809F561086D00240109FF54081E1509FFD1
:203F68005508DF1F278009F4050809F5560809F6540809F7550840D46DFF83FFD4F4084403
:203F880009F505086DFF41FF09F0570809FFD8081421370F68F037F108F0342F0C21370F59
:203FA80082F12C210C2396022C230C2196042C2109FF52085E1E09F40508482540D46DFF3A
:203FC8004DFF09F40508483540D46DFF37FF3C0D09F40508482540D46DFF38FF09F40508CF
:203FE800483540D46DFF22FF09F405088215820640E46DFFCEFE09F405088215820640E4C9
:204008006DFFD2FE09FF53085E1509C48C096DFFF0FE02823C010090F445DA002C44DA001C
:204028002C45DA146C42DA0A6C43DA01894F1008DA022C46DA00894F1108DA00894F120828
:20404800DA01894F1308DA00894F1408DA00894F1508DA02894F1608DA00894F1708DA0070
:20406800AC4CA00FEC47DA80894F2008DA00894F21080090404F024FC83409F4050882151C
:2040880002F66DFF86FEC83409F40508821502F66DFF8AFEC8346DFFACFE0090404F024F25
:2040A800C83409F40508820502F66DFF72FEC83409F40508820502F66DFF76FEC8346DFFCA
:2040C80098FE0090594400C00090194F08C0370F78F04B0F41F1194004C0370078004B0044
:2040E80041014B0F51F06D0006004BF241203C0100906DFF2AFE3C010090404F0B54108816
:2041080040F46DFFE4FF4B8251007B00F8136B0131004B0071814B0861116B0131007B00B9
:20412800F0134B1001F0370F61F16E02C2186D001306022A02A46D000F05DA00BE90DA016A
:204148003E9EDA023E9CDA033E9ADA043E98DA053E96DA06BE91DA07BE963C1C534920F041
:2041680010F2534920F010FF19FF0CC0378F18F0592F0CC03C1019FF24C0378F18F059FF06
:2041880024C03C0919FF28C0378F18F059FF28C03C023C0102A46D00FF050090404F0258D5
:2041A800481F8FCF1F00481F160F532F2020082F0F2F001082330F23003091A0012FD922CD
:2041C800F04F534020F01022542F82F0C630260F2631A61F742FC82408CF09F55008A645E0
:2041E80002F46D000800C82408C402856D0035000090404F0B4510A849FC100A82404B0ACE
:2042080001828F3A00F1538F20C09140002FD922000E7D2F15806D009F05022F02F46D00A8
:204228009B0409F0201982110FA1101082F2C621261089F0201902F46D00AE05534820F03E
:2042480010CFDAFF0FCF00F00FCB10B002F302B249F240080090404F0B4510886D007C0515
:20426800022A02A46D00780449FF001ADA084BF801028F7800F1534F2040534020F010FF45
:20428800DA0F0F4F00F00F49109002F3029249F2400802A46D0080050090913000FFD9FF1B
:2042A800300654F8370864F0EE0382023C096D003E00370864F04B0F41F14BF251203C0172
:2042C8000090913000FFD9FF300654F8370864F2EE0382023C096D002A00370864F24B0F57
:2042E80041F14BF251203C01009002486D0050018200DA003E84DA013E873C0B913000FF3C
:2043080019F000263C08913000FF19F004263C0382023C0176094B0061F17B0028044B0F12
:2043280051F04BF241203C0100906D00DA00913000FF39FF3106370F6402DA003E0CDA01A8
:20434800BE0BDA02BE0EDA035F0F2100DA045F0F23003C26913000FF39FF0C16160FEE0278
:204368003C0A913000FF39FF0C16160F4B0F41F14BF251203C177B0017F44BF251203C12A1
:204388007B001FF44BF251203C0D7B0027F44BF251203C087B002FF44BF251203C038202F9
:2043A8003C013C010090910000F6D9FF080054FF4B0F61213C010090913000FF39FF370653
:2043C800370F62F2EE06BB00C22B9BE2CB243C11913000FF39FF3706370F62F25E1991000F
:2043E80000F6D9FF080054FF4B0F61213C0282023C010090913000FFD9FF00066DFFDEFF3A
:2044080009FF640816015E1A09FF6E08167FC21F4B0F41F14BF251203C2409FF6408370F49
:20442800E1F15E1EBB00C20B9BE0CB0409FF6C08167FC21F4B0F41F14BF051203C1209FFD4
:204448006908370FE5F0C21F4B0F41F14BF2410009FF6C08167FC21F4B0F41F14BF05120B3
:204468003C010090913000FFD9FF00066DFFA6FF09FF540816015E1A09FF5E08167FC21FE1
:204488004B0F41F14BF251203C2909FF5408370FE1F15E1EBB00C20B9BE0CB0409FF5C083F
:2044A800167FC21F4B0F41F14BF051203C1709FF5908370FE7F0C21F4B0F41F14BF2411072
:2044C80009FF5C08167F921009FF5B08160FC21FE2F04B0041F14BF151203C010090913036
:2044E80000FF39FF3306370F62F282003E0482103E083C0ABB00C22B9BE2CB243C013C0635
:204508006DFFB2FF3C0382023C013C0100906DFFE8FF913000FF39FF3106370F6402DA00A1
:204528003E0CDA01BE0CDA02BE0FDA035F0F2200DA045F0F24003C27913000FF39FF32066B
:20454800160FEE0382023C0A913000FF39FF3206160F4B0F41F14BF251203C177B001FF403
:204568004BF251203C127B0027F44BF251203C0D7B002FF44BF251203C087B0037F44BF237
:2045880051203C0382023C013C0100906DFFA9FF913000FF39FF3106370F6402DA003E0CC2
:2045A800DA01BE0CDA02BE0FDA035F0F2200DA045F0F24003C27913000FF39FF3106160F11
:2045C800EE0382023C0A913000FF39FF3106160F4B0F41F14BF251203C177B001FF44BF26C
:2045E80051203C127B0027F44BF251203C0D7B002FF44BF251203C087B0037F44BF2512083
:204608003C0382023C013C010090404F820891000026D922080009FF0819742F6D009C031A
:2046280002296D00AD03022A02946D0095029130002F392F3046370FE1B19130002F392F66
:20464800304696089130002FE92F304602946D00A30302A46D00A8023C019130002F392FC5
:204668003306370FE1F3EEFA9130002F392F3306B70F02F29130002FE92F33069130002F7B
:20468800392F330696409130002FE92F33069130002F392F180696109130002FE92F180618
:2046A8003C019130002F392F3306370FE1F3EEFA9130002F392F3706B71F02F29130002FD3
:2046C800E92F37069130002F392F370696409130002FE92F37066D00B001A62802A46D00CE
:2046E8008203DF087E8102A46D005E023C019130002F392F1406370FE1F26EFA9130002FB4
:2047080039201C0608AF37F007F09130002FE92F1C069130002F39201B06088F37F004F0FB
:204728009130002FE92F1B069130002F39201906089F37F087F09130002FE92F19069130B3
:20474800002F392F180696409130002FE92F18069130002F392F1A06B70F01F09130002F81
:20476800E92F1A069130002F392F180696209130002FE92F18069130002F392F1A06960198
:204788009130002FE92F1A069130002F392F1A0696049130002FE92F1A06BB70714B9B1419
:2047A80085436D00A7013C019130002F392F1406370F61F16EFA9130002F392F1806B70F29
:2047C80001F09130002FE92F18063C019130002F392F3306370FE1F3EEFA9130002F392F92
:2047E8003306B71F02F29130002FE92F33063C019130002F392F3306370FE1F3EEFA483421
:204808006D0078019130002F19203006485F82F1C61F26F0485F4841261FA6F0DA0137F029
:20482800020EDA0137F0010F9130002FD922300674203C019130002F392F3706370FE1F3AD
:20484800EEFA9130002F19203406487F82F1C61F26F0487F4861261FA6F0DA0137F0020E73
:20486800DA0137F0010F9130002FD922340674203C019130002F392F0316370FE1F3EEFAB5
:204888009130002F19200016489F82F1C61F26F0489F4881261FA6F0DA0137F0010F91301E
:2048A800002FD922001674203C019130002F392F0F16370FE1F3EEFA9130002F19200C1615
:2048C80048BF82F1C61F26F048BF48A1261FA6F0DA0137F0010F9130002FD9220C167420DD
:2048E8009130002F1920002648DF82F1C61F26F048DF48C1261FA6F09130002FD9220026B0
:2049080074209130002F1920042648FF82F1C61F26F048FF48E1261FA6F09130002FD922BD
:204928000426742002A46D005E029100802F192F140209F0041982F1C610260F09F00419F6
:2049480082F1C610260F09F0041909F100192610A60F02946D0000019100802FD922140268
:20496800742F02946D001802820C3C3702A46D001B013C019130002F392F1406370FE1F277
:204988006EFA9130002F39201C0653CC20F0C8121022142F37F007F09130002FE92F1C0676
:2049A80002A46D00200253CC20F0C81210224C226E0953CC20F0C8121022092288092D0274
:2049C800000053CC20F0C8121022092402096D009100C21C370C68C014FF3FFCC9FF02A459
:2049E8006D00E200913000FF39FF1806B70F01F3913000FFE9FF180602A46D00F40102942C
:204A08006D00AA00913000FF39FF2C469608913000FFE9FF2C46913000FF39FF304637BFF1
:204A280081F1913000FFE9FF304602946D00B40102823C0100903B00288082096D008C016D
:204A4800022A913000FF39F01006B7008202913000FFE9F01006913000FF39F012069100A7
:204A680000F6D9FF080054F13B005AF29B6F02F04BF111229AF2370F68F037F005F091301A
:204A880000FFE9FF1206913000FF39FF10069604913000FFE9FF10063C05C2F8F68382199A
:204AA8003C0D913000FF39FF10066F1FF87F913000FF39FF11066F0FF27F02A46D004C0035
:204AC800913000FF39FF2C469608913000FFE9FF2C46913000FF39FF30469608913000FFE0
:204AE800E9FF304602A46D00570102923C01009002486DFFF6FC913000FF39FF3506160F84
:204B08004B0F41F14BF251F03C014B8F41F04B0F71F185F110003C0185F01000A2103FF056
:204B2800FDFF0090DA018B0401000F0F10F0913000FF59FF24860090DA010F4F00F091301C
:204B480000FF19F0208626F0760382123C0282023C0100904DC0E1FF16073C0153CF20F074
:204B680060FF9130003F30F3D93F004654FF2E1B8F2420F0960154F0370070088F002100B4
:204B8800A60F74FF86248F2440F154F0370070088F002100A60F74FF3C0154FF1601DF1FE7
:204BA800FE7F0090913000FF19FF30366F1F12008F2420F09601913000FF19F03036370042
:204BC80070088F002100A60F913000FF59FF303686248F2440F1913000FF19F0303637007E
:204BE80070088F002100A60F913000FF59FF30363C01913000FF19FF30361601DF1FFB7F48
:204C080000904DC0E1FF16073C01913000FFD9FF004653CF20F010FF54FF2E1B8F2420F037
:204C2800960154F0370070088F002100A60F74FF8F2420F0960254F0370070088F0021000C
:204C4800A60F74FF3C0154FF1601DF1FFE7F084F96082CF454FF2E1B8F2420F0960154F0B3
:204C6800370070088F002100A60F74FF86248F3440F154F0370070088F002100A60F74FF3C
:204C88003C0154FF6F0FFF7F0090913000FF19FF30366F1F12008F2420F09601913000FFF8
:204CA80019F03036370070088F002100A60F913000FF59FF30368F2420F09602913000FFD0
:204CC80019F03036370070088F002100A60F913000FF59FF30363C01913000FF19FF303650
:204CE8001601DF1FFB7F913000FF39FF34369608913000FFE9FF3436913000FF19FF3036CD
:204D08006F1F12008F2420F09601913000FF19F03036370070088F002100A60F913000FF8E
:204D280059FF303686248F3440F1913000FF19F03036370070088F002100A60F913000FF0C
:204D480059FF30363C01913000FF19FF30366F0FFC7F00904DC0E1FF16073C0153CF20F010
:204D680060FF9130003F30F3D93F004654FF370F6EF18FFF83213C013C010090913000FF57
:204D8800D9FF303654FF370F6EF18FFF83213C013C0100904DC0E1FF16073C0153CF20F020
:204DA80060FF9130003F30F3D93F004654FF2E1B8F2420F0960154F0370070088F00210072
:204DC800A60F74FF86248F3440F154F0370070088F002100A60F74FF3C0154FF6F0FFF7FAE
:204DE8000090913000FF19FF30366F1F12008F2420F09601913000FF19F030363700700805
:204E08008F002100A60F913000FF59FF303686248F3440F1913000FF19F03036370070082B
:204E28008F002100A60F913000FF59FF30363C01913000FF19FF30366F0FFC7F0090F64746
:204E4800094F40189601894F00183C08DF140780094F40189604894F00180090F647094FF6
:204E68007C089601894F3C083C08DF140780094F7C089610894F3C080090FF240B00538402
:204E880020F0910000F8D9FF186110FFD4F23C02A0023C01009082F282003C17538020F072
:204EA800910000F8D9FF186110FFD4FF7D4F0D80538020F0910000F8D9FF186110FF481FA2
:204EC800370F48203C04C210BF20EAFF3C010090404C405F09C0380909C13C0914FFEE0C24
:204EE800083F37F00500082F37F00504081F37F1011182183C0F14FF5E1C083F37F0050882
:204F0800082F37F0050C081F37F1011382183C02820889C13C0989C0380940C46DFFBDFF10
:204F280009FFC8086E26081FEE099140002FD9225028538220F010223C099140002FD92215
:204F48005028538220F01022B04208A009FFC8081421370F68F037F108F0342F0C21370F7F
:204F680082F12C210C2396022C230C2196042C2108264CC4820102F009C32C0982020F20D8
:204F8800A0400F31A0503C016DFF46E93C0114FF534F20F010C28922300914F440C46DFFF1
:204FA80050FF14F440C46DFF5BFF08264CC4820102F009C32C0982020F20A0400F31A05051
:204FC8003C016DFF29E93C0114FF534F20F010C2481F42F28922300902823C010090025F09
:204FE800C234B7040200370050808BC801008B8000406D00AE1EBC2640240B8F10486D0072
:2050080004003C010090C234B70402F0370F5000DA00894F1808DA01894F1908804F8BCFAF
:2050280001F0C27FB70F03F0744FDA00AC42DA00AC47DA00894F0A09894F0609DA00AC49AA
:20504800AC48894094088945960840423C0100908F841EF08F0F0801B70408FC3704E81B6F
:20506800B71F812BDA7F7FF1048082020090DA967F1F048082023C068B6109F1325F0FF275
:2050880000203702482076043252370248200090B70408FC3704E80BB71F814BDA7F7FF0C1
:2050A8000480D2020090DA967FF0078082058B6009611DFFB1E882058BA016601DFFADE830
:2050C800B70408FC3704E80BB71F811BDA7F3FF00580DA967F0F0480820200908B6009F1E1
:2050E800325F0FF100103701702000908B0420F28B0500F5EE0A7B0008008203B700892B1E
:205108008F7301F0A6F2009082029B02F02FBBF0FF3F9BF3FF3F0F2480000F358010BA0036
:205128008B0100F4EE4C3B7001800B451068BB00FF1F9BF1FF1F8F0400012651BA008B01E5
:2051480000F4EE2182019BF1FF1F8F0400012651BA008B0100F4EE098F751E10774580432A
:2051680002153B0003803C0F8F351F107745804902153B4002803C078FF51F107745804FFA
:205188000215C2180F2480000F3580108B0020F28B0100F5EEF202490B6710A8D2148B8823
:2051A8001E606DFF3AE80F2A80000F3B8010BA008B0100F4EE2B3B0008703C293B60093009
:2051C800BB00000F9BF00F0026408F0500118B0020F28B0100F5EE073BA008307745005620
:2051E8008FC4004082009B00080082013C05C2F37745805006140B0430F10B1500F20B156E
:20520800A0F2EEF602401DFF7BFF82078BF29F008BF3BF1026A026B1BA008B0100F4EE037E
:205228008F0744718BF80760820402951D00E62191100048D9440CAC1D0002008208404FFA
:205248008209820A820BC81CC82D483C09FF1001DF1F238080CF160180D08F100001FE0433
:205268006E04C2FC04DF24CF76CF8F3C00018FEC1FF06E0902F140D2C2F16014442164C158
:20528800FC4E90DD020CDF0CE07FC2FC60C204DF24CFFC2E3CD9DE2580CF2E03C2FC24C9D4
:2052A800DF0CD37F8F3C00F106EC76C5C2FC60C264CAFC2F6EC9C2FF60F224CBFC2F3CC423
:2052C8008F0F1F00DF002E008F3F0001DF102B8080CF8F3F00D180DF1603FEDB76DB02D42D
:2052E80040C440D56D00EF0601CD00C601DD00D6A2DC76CF8F3C00018FEC1FF06E0902F160
:2053080040D2C2F16014442164C1FC4E90DD020CDF0C9B7F02C440C440D56D00D4063C9402
:2053280000901603DF2F91FF80CF16036E0702F440C46D00B10610CCA2FCDF0C867F8F3CEE
:20534800004106EC76C5C2FC60C264C8FC2FDF047C7F40C46D00A0061DFF77FF0090205019
:2053680089A4380989A62C0989A73409DA01A00F820909AA1019780C89A9081989A92809BB
:2053880002A089A90019B70089FBF80678113700E8FB78080258404C029D405D8BFF0FC23F
:2053A8007B00F8B376C658116E04029C09AD30095808BA0F7813F68A3B700600580B3E0491
:2053C8003B7004007E0382183C23580D6F5F21803B100600580B3E043B100400FE09581113
:2053E800EE0382083C1582788F3F000082013C06C2F88FC31F107723000E0B011028FBF03A
:20540800000026202631BA008B0100F4EEF2DA00780F02A46D0014087625DA2D780F67AA03
:20542800BFAFEE0E580D8F8F0101DA087E03DA2B3C068B000102580FAB0FA2F0780F09A05A
:205448000019AA1089A00019DF0D1600580B910000F8D9FF416110FF081F2E37910000F8A3
:20546800D9FF6C51F8063C1B910000F8D9FF7051F8063C15DF0C1D00580B910000F8D9FFFD
:20548800416110FF081F2E36910000F8D9FF74513C05910000F8D9FF7851F8065810BB9086
:2054A800FF0F9239580D260F780D1D008C013B100600580B3E053B1004005F0F2780580887
:2054C800AB1F18FF780858109230F683580D2E22C210428058083BC0F91FC2207FF10600AC
:2054E8003B4006103F1F0400DA033C0A3B60FF1F7FF106003BA000103F1F0400DA02780CB2
:20550800580C12091D005F01580849AF0A0A6E7549A4140A02A46D00FC1C09AC1409022A04
:20552800370CE8FB82006E55BBF028EC49AE130A7B0012D49B5ECFE33C3F49A20A0A7D2EF4
:205548000C8049AF120A49AE130AA07209F03FF489E03FF4FC2CBBD0CC0C58059BC0DC0393
:2055680049A4140A4B0F41406D00D31C89A20609DF0914806B0E21F24BDB41B04BDF4140DD
:205588006DFF68FD762A4BBC514049A4140A82196D00BF1C89A2060909AF06096B0E21FF72
:2055A8004BDF41406DFF56FD8B0203F089EF3FF4580AC21F780A5805370FE8FBEEBF3C0317
:2055C80004EF24FF49A2130A012E20F4EEFA3C154B0A01F06F2F12007B0012043C064B0A0B
:2055E80041A0580AC2FF780A4B0A41F089AF06094BBF01F06F0FF5FF3B600610580B02804D
:2056080082093E143B6004107E13580A12803B500610580B3E143B5004107E12C210CE0349
:20562800DA003C038B7000F310A2492E0A0A3C117B0012F449A4060A4BFA41406D00691C9B
:20564800022A09A406096DFF05FD8B0203F024FF01FE20F4EE0649A2130A012F20F4EEE91F
:2056680009EF000840EFC25F3C0A49AF0A0A01EF30F4EE0740EF09EF3FF4C21F34EF3C08D5
:20568800DA3134EF49EF010A580AC21F780A09E00008DA393F0FEB7F89F93FF049A20A0A60
:2056A800012F20F4EE0609F00008DA305F0FF67F3B500600580BBE013B5004003E0E3B6093
:2056C80006005F0F3C003B6004005F0F3800580A3FF80400FFDF330058103B50062049AF0E
:2056E8000A0A9210580B09A10A083E243B5004207E2C761349AF0B0A14FFEE04580DAE2242
:205708007682C21042803C17028276158BF81F2049AF0B0A14FFEE03580D2E22C2108201B6
:205728003C0814FFEE03580D2E23C210B01FC2113F21F97F8B4000903C453B600600580B37
:205748003E043B6004007E0F09A02809FA10AB10A09F581042F9F684580D6F2F34001A89FE
:2057680092193C300280580A49AF0A0A4EF4581092193C0D09A1280958101219021F14F1E8
:205788007612B01FABF01F00C2FFEEFA14FF6E02F604580D6F2F1700580AC219325F3C04A2
:2057A800C2FFC219C2F07607FF1FFC7F3C04C219B01FC2F0760314FFEEFB580D16042B09B9
:2057C800009F580F6E0D580D16036E0A61FFFBE509A43C0940C46D004404DA00780FD80620
:2057E800BD0F1A803B100600580B3E043B100400FE02580D16036E0F54DFC22F61FFD0E5C2
:205808006D002F04580B40C48B7F01406D002904DA017812580D6F0F1680580EA29F3C0FC4
:2058280061FFD1E5580D40C416028B0F20F2864F8B0F02406D001504580EC2FF780EFF1F1B
:20584800F17F580F6E0861FFBEE509A43C0940C46D000704D806BCFA40F440C56D00100434
:2058680054DFC23F74DF1D008A013B100600580B3E053B1004005F0F9F808F2820005813DC
:205888008B7001018B1F03A1BF1022008201DA177FF00800821258110F021020262F6E02D6
:2058A800821182F2C2F00F0200F0C6F2F6145811262F6E045811A62F78115811C21F78119A
:2058C800EF7F0600DA0078113B2003A05812EE0D54DFC22F61FF64E56D00C303580B40C41F
:2058E8008B7F01406D00BD0361FF6DE502A440C46D00B703F683580D2E2561FF5EE56D0064
:20590800B00358113B8001B054D08F1F00A0428074D03C183B000340DF0B1100C2CB02B073
:2059280032500F0A00F0160F8B0F0340DA397F4F0600580B8B6F1CF042F440C46D00910347
:20594800C2F8FF18E97F580B40C48BFF00406D0088035808CEF63BD00240325F78083C031C
:205968003BB0024040C46D007C03580C54D0C22F42F0580C820110AF34F13BA00010580C3D
:20598800C2FF370F68F0780C10AF58084B1F01228B0303F034FF09A220094B12012289A23D
:2059A8006009DF02EEFF74D040A440C56D0068031D00E5003B50060049AF0A0ABE013B50BA
:2059C80004003E0E3B6006005F0F78003B6004005F0F7400580A3FF80400FFDF6F0009A0D4
:2059E8000A08580AAB1F20A076093B700610580B3E143B7004107E12C2F861FFE4E47606FF
:205A08003700684049AF0B0A3C033B00034040C46D00270314FFEE0B580DAE29768C3B5065
:205A28000600580B3E043B5004007E0561FFC5E46D001703820B3C1A09F00008F60A580DC8
:205A4800AE283B500610580B3E143B5004107E1D61FFB9E4760537006840B01F3C033B0038
:205A6800034040C46D00FD02C21B3F8BE77F61FFAAE4580B40C48FDF0F416D00F202C2FA2E
:205A880054DFC21F0EA43BB002403C04325A3BD0024074DF40C46D00E40261FF86E48B00F3
:205AA800034040C46D00DD0261FF7FE48B01034040C46D00D6023C6209AA28094EA854DFC5
:205AC800C21F61FF6DE46D00CC023C1954D0C21074D014F47643B01F3C033B00034040C411
:205AE8006D00BF023B600600580B3E063B6004003E03ABF81F88C2FAFF1AEA7F3B6006001F
:205B0800580B3E063B6004003E0314FF6E02F684580D6F2F340061FF56E4580A3BE0024069
:205B2800325F3C0854D03B000340C21074D0C2FFC2F840C46D009502768BFF1FF57F3C0876
:205B480061FF41E404F440C46D008B02C2F8768314FFEEF73B600600580B3E0E3B60040028
:205B68003E0B580D2E2B3C0854DFC21F61FF18E46D007702C2F8DF08F9FF580EA29F3C0AF6
:205B880054D03B00024040C4C21074D06D006902C2FFFF1FF77F00902010404C405D89A6FD
:205BA8008C09DA00780209D40008DF045002DA257E4409D001047E08B01D49A5080A40C4E4
:205BC8006D0048023CF1820A0BAA108809DF01003BD002007E048F1A40A13CF93BB00200DC
:205BE8007E07BBF0FE0F26A08F8040A13CF03B0002007E066F3AECFF8F0A41A13CE83B004F
:205C080003007E048F2A40A13CE23B3002007E048F4A40A13CDC3BA00200FE03D803B04FC6
:205C2800F80309F83CF9CE848F1A40A1325809DF01003C0D13A820FF8B0F1D8009DF010099
:205C48008B0F1D0037006800BFA0F6FF3BE002005F0F23808F0A42A109DF01003BA0020022
:205C6800FE05D803B04FF80309F93CF9CE968F1A40F1BBF0FDAF26FA09DF01003C0D13A96A
:205C880020FF8B0F1D9009DF01008B0F1D0037006800BFA0F6FF3BC006007E048F0A48A1FE
:205CA8003C1E3B8006007E048F0A44A13C183BC004007E048F0A50A13C123BA006007E04B1
:205CC800B71A81A43C0C3BA007007E04B71A01A53C063B400700FE01B71A81A53BC00600E8
:205CE8003E043B8006007E0709D000087E04B71A01A6B01D09DF01003B3006005F0F2F80F5
:205D08008F1A00F1EE0E3C093B00024049A5080A40C46D009F01C2F87F890400FF28F67FB0
:205D2800D80340C449A5080AB04FF80309F03CF9370048406D008E01DF0F377F3C093B0075
:205D4800024049A5080A40C46D008401C2F87F892C7FFF28F67F1DFF28FF3B400600BE0177
:205D68003B9006003E0E3BF006003E0B3B8007003E083B8005003E053B5007005F0F5980A0
:205D880082023B4006003E043B9006007E0282123B0008010F0A80105F0104006F9A050070
:205DA8003B8000003C0282403B8000105F100980D80349FF080AF80309F078F93C15D80397
:205DC800B04FF80309F03CF90B0000080B0110483B0004010F0A80105F010D80762837046D
:205DE80048000B0000080B0110483C13370468403C0F3B0004005F010B807626370450000E
:205E08000B0000483C06370470403C02F62282056F5A0600BBD0FF0F260A3C0282190BFAA7
:205E2800106889A440090B8910481D00CB003B300700FE066F5A0680BBF0FF9F9BF9FF9760
:205E4800D8030BA8104840C5029649A6080AB04FF80309F4BCF96D00AB021DFFA6FE3B6095
:205E68000600BE063B600400BE033B500600BE003B5004003E0D3B7006003E0A3B7004001F
:205E88003E073B1006003E043B1004007E0DD8038F0A0211AB698091B04FF80302F609F0B1
:205EA8003CF974A03C2C3B200700FE086F6A0800D803B04FF80309F03CFA3C06D803B04FC0
:205EC800F80309F03CF98F0A02F1EA69DA004BF051F174AF3B6006603C123B200500FE0982
:205EE800D8038F0A02F1EA6949FF080AF80309F478F96DFF73E13B60066074A20B8910485A
:205F080049A5080A02A740C46DFF2BFA1DFF4DFE3B0007005F0F5D806F8A45006F0A0E8002
:205F2800DA113C093B00024049A5080A40C46D009100C2F83F8FF8FFD803A03E49FF080A18
:205F480009FF3FF449A5080A370F684040C46D000001FCE73BA0034049A5080A40C46D002C
:205F68007900D803A03E49FF040A09FF3FF449A5080A370F684040C46D00EB00FCE7DA113E
:205F88003C093B00024049A5080A40C46D006200C2F83F8FF8FFD80349FF080AF8031DFF99
:205FA80004FED8033B8000400245B04FF8038F2A407109F03CF9820189A040093B80076011
:205FC80049A5080A40C46D00DF001DFFEEFD3BE006005F0F37803B0008010F0A80F03E030E
:205FE8006F9A0E00D803B04FF80309FFBCF909A00809820189F040091DFFD7FD3B000401C1
:20600800260ADA407EAAD803B04FF80309FFBCF95802B4FF1DFFC9FD5F0A0B80D803B04FB7
:20602800F80309FFBCF9580234FF1DFFBEFDD803B04FF80309FFBCF9580274FF1DFFB5FD0F
:20604800910000F6DA1959FF248009A20809009037046840545FC21F745F1D000200D44FEA
:20606800BCF440F41D00A117CC414C4280F07FF0068034F4CC41B01FEC410090404F405C73
:206088003C06370F684040C46DFFEBFF09FF0100EEF900903BF00F00804F1603063F0FF088
:2060A800100082FFC6F0C2F4604F804FB70F02F060F2B014542F260F742F77000004FCF6C7
:2060C8000090804F16033BF00F008F3F00100F10100082F1C610C2F4604F8041B7010220B0
:2060E800095101008F3F0030B0140F3110106022C21F542216032602A61274227700000438
:20610800FDF0ED7F0090404F0B4510A849FD160A026840FCDA0034DF820702860BAB1048DF
:206128006DFFA0E023820A0A0B2310A88BA060F2CA708B0003F089DF3FF48B0220F28B03CF
:2061480000F5EEEB04DF24FFEEFE40C200900248404F8FC83F40405CDA090B4F2001DA372B
:20616800AB0F83F042F46DFF75FF8FF8000140F4DA0940C50B0F2011DA37AB0F8341420410
:206188001DFF68FF026E2020DA58404F0B4510A8405C027909AC600982085FEF7300DA643D
:2061A8003EEDDA693EEBDA6F5FEF6C00DA75BEE4DA785FEF67001D00ED00D2000B0C50F111
:2061C8000B1D00F20BD190F2EE073BD002800BC0C0C00BD1D0D00BCD104840A43BA00060A7
:2061E8006DFF93FFF6B6BA0C8B0D00F4DF0FDF8040A46D00B71A370268C0DF081180DA7504
:206208003EE88F890101DA087E043BB002803C078F8901F18B0F01F2AB08A28F768CABFA00
:206228001FAA8F3900F16E0740F4028440C56DFF11FF82086F0914808F2900F18B0F20F239
:20624800864F8B0F02F03C0740F402F440C56DFF01FFC2FA7FAB04003FACF87F768E40F473
:20626800028440C56DFFF6FE3C08C2FB61FF93E06DFFF0FEABFA1FAA3FBCF97F1D008A0075
:206288008BFE268240A48F3820F08B8F00600BCD10486DFF3AFFDA78FEE314AF40A26E1065
:2062A800092000088BF01BF0370F6810DA193F1F05808B0002F0342F092F0104EEF240A4AA
:2062C8006D00501A370268F078068B0C20F28B0D00F5EE0AF6B6DF086A806F296800821B88
:2062E800BBB0FFFF26F96F291B006F191300768E61FF51E06DFFAEFEABFA1FAA40F402E48B
:2063080040C56DFFA7FEABFA1FAABBB0FFFF26F9DA6F7EE558063FBF0300921B6F29090010
:2063280076875806C22BC22F370F68F078066F0915808F2900F18B0F20F2864F8B0F02C06D
:206348003C0740F402C440C56DFF84FEC2FA7FAB050058063FAFF77F6F291900DF081700A9
:2063680061FF19E06DFF76FEABFA1FAA40F402E440C56DFF6FFEABFA1FAA3C08C2FB61FFA7
:206388000AE06DFF67FEABFA1FAA58063FBFF87FBBF0F74F40A4BBF0FF6F40F5269440C616
:2063A80002A59BF6FF671D00030000900248404F025F405C0269406D6D00D419022A6F089C
:2063C80019803C083B00024040C440D56DFF42FEC2FF3FFAF97F3FF9F77F3C0BC2F909F477
:2063E8000100DF04110040C440D56DFF33FE8AFFDF09F6FF3C083B00024040C4C2FF40D5E9
:206408006DFF28FEEEF90090910000F6D9FF0C00D4F291200056D955408A0124004601547B
:2064280020F4EE0891200056D955C08A014530F4EE0482FF60F20090F4F400908F141E20B3
:2064480000906D000300009082043B803E506D003F2300900D00000282046D008F2082043F
:206468006DFF5AE48278DA010F8F00F0892F2829910000F6D9FF0090910000C6D9CC009083
:2064880054CFC21F74FF0D0040020080910000F6D9FF009054F23C0100906D009F0702286F
:2064A80082093C23534920F0910000F6D9FF183010FFD4FFBD0F190008DF6E1609F00E0955
:2064C8000B088000BF001100D4F2C8142D02000008CF6E0809F00E09482F42F089F00E09EA
:2064E8003C03DA002CFDC219DA103FF9DD7F00906D0074073C010090BC427C5382C23C0C5B
:206508003C0382E23C09094414096D006F12DF02FA7F82023C010090024F02583BC00140A1
:206528006D001714402F7CF3A0023C15738F0A406D000F147C2640F46D007D12A0023C0B53
:20654800738F0A4040F440256D00461268586CF640F23C01009082023C010090A0123C0128
:206568000090404C0248405F82093C26534920F091000026D92218301022542FEE1C3B4041
:2065880001406D00E6137C23A0023C1BF42CEC21BA182C2CDA002C2DDA006C22DA00892F30
:2065A8000E09534920F0910000F6D9FF183010FFF4F23C07C219DA103FF9DA7FA0023C01FC
:2065C8000090404F024FBCF2EE0382C23C0B6CF26D000407422F89FF0E09DA012CFD8202AB
:2065E8003C0100906D00A41A6D005A1B6DFF2BFF6D00AA1A6D00120B3C013C0000909100CE
:2066080000F7D9FF0000D4F43BC00440824591000058D95542A16D00550C00906D00C01A36
:2066280082046D00AB1F6D008F1A3C013C00009091000046D94408D091000058D95533025E
:20664800BB00204C9B1400408265824682176D00D90591000046D94408D082146D00C206F2
:206668000090200891000046D94414C091000058D95562A13BD001403B80265482066D0002
:20668800A60491000046D9441CA091000058D95567A13B202A406D00040391000046D9444C
:2066A80004B091000058D95572A13B302A406D00F80291000046D9441CA082346D004C0D8C
:2066C80091000046D94404B082346D00450D910000F6D9FF14C0F4AF91000046D944089033
:2066E80091000058D95552A191000066D9661CA091000076D97704B06D00C6019100004680
:20670800D944089082146D00700C91000046D94408907BC020446D009B0C00909100004697
:20672800D9442CB091000058D95559A13B402A406D00B70291000046D9442CB082346D0049
:206748000B0D00900D00000282046D00171F6D0005000D0040020080910000F6D9FF08D0D9
:2067680009F44A1891000046D94404906D00F629910000F6D9FF08D049F42C0A910000560D
:20678800D955049082146D001C150090404F7CFF91000048D94469F1820491000026D922D9
:2067A8001840D4253B200C506D00EF05C86F91000026D9221840D4243B500C408225910020
:2067C8000058D95546F16D007D0BC8C482046D00790DC8A482046D00DC0CC8B482046D0044
:2067E800D80C82023C0100902008404F405C7CFF91000048D94469F1820491000026D92206
:206808001840D4253BD008506D00BF057CCF91000048D9447BC1820491000026D92218407E
:20682800D4253BE008506D00B005487F74CF54CF74AF910000F6D9FF1840D4F43B2009404F
:20684800824591000058D95549D16D003B0B82023C010090404F7CFF91000048D94469F1DA
:20686800820491000026D9221840D4253B2005506D008B05C86F91000026D9221840D424A1
:206888003B600540824591000058D9557DA16D00190BC8A482346D005F0CC8B482346D00EA
:2068A8005B0CC8C43B8026446D00650DC8C482046D00080DC8A482046D006B0CC8B482046D
:2068C8006D00670C910000F6D9FF1840D4F43B300640824591000058D9555CB16D00F20A4C
:2068E80082023C0100902008404F02487CFF91000048D94469F1820491000026D9221840E3
:20690800D4253BE009506D004005C86F74A891000026D9221840D4243B100A40824591000E
:206928000058D95561D16D00CD0ADA005F8F3500DA013E84DA02BE893C2FC8A482146D00BC
:20694800280CC8B482046D00240C910000F6D9FF1840D4F43B700A40824591000058D9550A
:206968007DD16D00AF0A3C2FC8A482046D00110CC8B482146D000D0C910000F6D9FF184065
:20698800D4F43BD00A40824591000058D95556E16D00980A3C18C8A482046D00FA0BC8B47A
:2069A80082046D00F60B910000F6D9FF1840D4F43B400B40824591000058D95570E16D00FA
:2069C800810A3C0182023C0100902008404F02487CFF91000048D94469F18204910000268D
:2069E800D9221840D4253BF006506D00CE04C86F48DF4BF80100370061F16E0248D848EF91
:206A08004BF80100370061F06E0248E874A891000026D9221840D4243B60074082459100AA
:206A28000058D95577B16D004D0A82004B0801F0AE26C8C482046D00450C3C223B0000F4E5
:206A48009BCF61F44BF841F07B802C044B0F51F04B0F71F1C8C402F46D00340C74AF89A8F6
:206A68000409910000F6D9FF1840D4F43BD00740824591000058D95552C16D00230A820221
:206A88003C0100902008404F405C406D407E7CFF91000048D94469F1820491000026D92260
:206AA8001840D4253B6003506D006F047CCF91000048D94474F1820491000026D922184079
:206AC800D4253B7003506D0060047CDF91000048D9448101820491000026D9221840D4258A
:206AE8003B8003506D0051047CEF91000048D9449101820491000026D9221840D4253B9077
:206B080003506D00420409A288097C2F91000048D944A101820491000026D9221840D4255F
:206B28003BA003506D003104E8ADE8BE09A28809E8C27B802CF46CFDDA006CFE910000689B
:206B4800D966286140F440C540F76D000B0AF4AC910000F6D9FF1840D4F43B6004408235BE
:206B680091000058D955B1016D00AC090090404F405C7CFF91000048D94469F18204910085
:206B88000026D9221C40D4253BF004506D00FD03C86F09F4A4086D00221FDF120480DA01AD
:206BA8003C02DA0034CF82023C010090404F7CFF91000048D94469F1820491000026D922CF
:206BC8001C40D4253BB002506D00DF03C86F09F4A4088215820682376D00111F82023C01B6
:206BE8000090404F024F7CFF91000048D94469F1820491000026D9221C40D4253B800350B7
:206C08006D00C303C86FEE0909F4A4088205820682076D00F41E3C245E1909F4A408820544
:206C2800820682176D00EB1E3C1B5E2909F4A4088205820682276D00E21E3C125E3909F427
:206C4800A4088215820682376D00D91E3C095E4809F4A4088215820682476D00D01E8202E9
:206C68003C010090404F024F7CFF91000048D94469F1820491000026D9221C40D4253B10BC
:206C880006506D008203C86F6E0382153C02820509F4A4086D00F61E82023C010090404F96
:206CA800405C024F7CFF91000048D94469F1820491000026D9221C40D4253BC001506D00CE
:206CC80064037CCF91000048D94474F1820491000026D9221C40D4253BD001506D005503F1
:206CE80089FFA40891000068D9663C6140F440C540F76D00CE0900902010404F405C7CFF69
:206D080091000048D94469F1820491000026D9222040D4253B300A506D0037037CCF910042
:206D28000048D9448141820491000026D9222040D4253B400A506D002803C86F09F42E09BB
:206D48008205FB0071626DFF3DDAFB0071620B2310486DFF87DA74C254CF74AF3B0071F218
:206D6800780154CF4B0F61F17B802C044B0F41F03B0000049BC061044B0F51F07802910068
:206D880000F6D9FF2040D4F43BA00A40824591000058D95594416D00950882023C010090C2
:206DA8002008404F405C7CFF91000048D94469F1820491000026D9222040D4253B3007505A
:206DC8006D00E3027CCF91000048D9448721820491000026D9222040D4253B4007506D00A0
:206DE800D402C86F09FF2A0974CF54CF74AF910000F6D9FF2040D4F43B80074082459100D9
:206E08000058D95599216D005D0882023C0100902008404F7CFF91000048D94469F18204FF
:206E280091000026D9222040D4253B5004506D00AC02C86F09FF680874AF91000026D922C1
:206E48002040D4243B700440824591000058D955AE516D00370809F4680809F52A0909F6BD
:206E68002E096D003723910000F6D9FF2040D4F43BC00440824591000058D95593616D0007
:206E8800210882023C0100902010404F02487CFF91000048D94469F1820491000026D92264
:206EA8002040D4253B5008506D006F02C86F3B0071F27F8F168074A83B0071F27801910073
:206EC80000F6D9FF2040D4F43B900840821591000058D955B6216D00F50782823C3574A822
:206EE8003B0071F278014B0861F17B802C044B0F41F03B0000049BC061044B0F51F0780204
:206F080091000026D9222040D4243BD00840824591000058D95597316D00D4078205028411
:206F2800FB0071626DFF4ED90B231048FB0071626DFF98D909F4680802256D00762389F89C
:206F48002E0982023C0100902008404F024F7CFF91000048D94469F1820491000026D92296
:206F68002040D4253B8005506D000F02C86CEE1274AF910000F6D9FF2040D4F43BC0054004
:206F8800821591000058D955B9616D009B0782823C1C74AF91000026D9222040D4243B004E
:206FA8000640824591000058D955A7116D008A0709C4680809C62E0902F56D008B2289CF43
:206FC8002A096CF882023C0100902008404F405C024F0B5610887CFF91000048D94469F159
:206FE800820491000026D9222040D4253B1003506D00CB017CCF91000048D94474F18204F5
:2070080091000026D9222040D4253B2003506D00BC0189FF280889F82A0989F92E099100CF
:207028000068D9660C7140F440C540F76D00E208F4AC7801910000F6D9FF2040D4F43BA0E2
:207048000340824591000058D95586516D003A070090404F405C7CFF91000048D9449F9126
:20706800820491000026D9222440D4253B1006506D008B017CCF91000048D944B2918204CF
:2070880091000026D9222440D4253B2006506D007C01486FEE0F91000048D9448F7182040E
:2070A80091000026D9222440D4253B3006506D006C01C86F54CF89FF0C1982023C010090C6
:2070C8007C4F91000048D9449F918204910000F6D9FF2440D4F53BB004506D00560182021E
:2070E8003C0100902008404F405C024F7CFF91000048D9449F91820491000026D9222440DA
:20710800D4253B8007506D0040017CCF91000048D944B371820491000026D9222440D425B4
:207128003B9007506D003101EE0F91000048D9448A81820491000026D9222440D4253BA018
:2071480007506D002201C86F82083C0C09F44A1849A4000A6D00022501C8002614A0342056
:20716800C2183FF8F5FF82023C0100907C4F91000048D9449F918204910000F6D9FF244077
:20718800D4F53BA005506D0000010090404F405C024F7CFF91000048D9449F9182049100BC
:2071A8000026D9222440D4253B1009506D00ED007CCF91000048D944B371820491000026A9
:2071C800D9222440D4253B2009506D00DE00EE0F91000048D9448A81820491000026D9221A
:2071E8002440D4253B3009506D00CF00C86F09F44A1840C402F56D00342682023C01009081
:207208002010404C405D024F0B561088027A7CCF91000048D94469F18204910000F6D9FFC7
:207228002440D4F53B4002506D00AF007CDF91000048D94474F18204910000F6D9FF244031
:20724800D4F53B5002506D00A000EE0F91000048D944A0818204910000F6D9FF2440D4F54D
:207268003B6002506D00910089C8081889C9091889CA0A1889CF0C19910000F6D9FF18E0EE
:2072880074FF910000F6D9FF18E091000026D92218E0092FC6083B001000370F10F0ACF33C
:2072A800910000F6D9FF18E091000026D92218E00C25B70F01F02CF5910000F6D9FF18E065
:2072C80091000026D92218E00C24B70F02F32CF4910000F6D9FF18E091000026D92218E0F0
:2072E8000C243B800000370F04F02CF4910000F6D9FF18E091000026D92218E00C24B70F4A
:2073080002F22CF409CF4A1874AF09CF0C19780109CF4818780209CF49187803910000F691
:20732800D9FF2440D4F43B300340823591000058D955AF816D00C60509C44A1809C50C193B
:2073480009C6481809C749186D00032249C42C0A91000056D95520E03B0010406D00E30EF2
:2073680009C44A1882156D000C24F4AC91000068D966207191000076D97718E040C440D5D1
:207388006D003C0900902008404F0248405C025F91000048D94489A16D00F40DF4AC7801FE
:2073A80091000048D944A2A16D00EC0DBCF9F4AF91000048D944B5A16D00E40D3C0874A8C4
:2073C80091000048D94488B16D00DC0D6D00030000903C013C0000906DFF5AF83C0100908C
:2073E800404F02487CFF91000048D9449F91820491000026D9222840D4253B4014506DFF27
:20740800C4FF485FEE0F91000048D94498C1820491000026D9222840D4253B5014506DFFBA
:20742800B4FFC852542FEE0F91000048D944B0C1820491000026D9222840D4253B601450F8
:207448006DFFA3FF821440F46D005400084F6E1E768F088F6E0CD4F4820491000026D92292
:207468002840D4253BE014506DFF8FFF3C0E088FEE0CD4F4820491000026D9222840D425EE
:207488003B2015506DFF81FF3C100880DAFF3FF00D00D4F4820491000026D9222840D425EE
:2074A8003B7015506DFF71FF8209768B088FEE09C852D422821440F42D02000002293C0B43
:2074C800F68A088F5E18C852D422820440F42D02000002297684088FC21F3C03088FC2FFEA
:2074E8002CF8820440F46D00050002923C010090404F02487CFF91000048D94469F18204A9
:2075080091000026D9222840D4253BB012506DFF3CFF483FEE0F91000048D94486C1820415
:2075280091000026D9222840D4253BC012506DFF2CFF7686C83482F46DFF0FF83C04C8341F
:207548006DFF0BF8762F91000048D944BEE18204910000F6D9FF2840D4F53B8013506DFFDA
:2075680014FF0090404C910000F6D9FF2C4054F0DA403FF0108091000048D944B5D18204EA
:20758800910000F6D9FF2840D4F53B701B506DFFFCFE910000F6D9FF2C4054FFEE10820039
:2075A8003C0B534020F0910000F6D9FF602010FFA002F4F2C210DA403FF0F5FF910000F6CD
:2075C800D9FF2C4054FF534F20F0910000F6D9FF602010FFF4FC910000F6D9FF2C40910020
:2075E8000026D9222C40542FC21F74FF0090910000F6D9FF304054FFEE20910000F6D9FF00
:20760800304091000048D94434716DFFA9F7F4F2910000F6D9FF304054FFEE0F910000486D
:20762800D94490D18204910000F6D9FF2840D4F53BF01A506DFFA9FE910000F6D9FF304037
:20764800D4F23C010090404C910000F6D9FF602054FF6E13910000F6D9FF6020D4FF54FF4B
:20766800EE0C8204910000F6D9FF2840D4F53BC00A5040C46DFF89FE7CCF91000048D94465
:20768800F9318204910000F6D9FF2840D4F53BD00A506DFF7AFE6DFFACFF402D82F440D44B
:2076A8006DFF5BF7762F91000048D944BEE18204910000F6D9FF2840D4F53B300B506DFF82
:2076C80064FEA00E82083C3A534820F0910000F6D9FF602010FF54FFEE023C33534820F09C
:2076E800910000F6D9FF602010FFD4FF54FFEE0F91000048D944A5B18204910000F6D9FF40
:207708002840D4F53BE00B506DFF3FFE534820F0910000F6D9FF602010FFD4FFD4F440C5D8
:207728006DFF20D6F62A534820F0910000F6D9FF602010FFD4FE3C05C218DA403FF8C6FF23
:2077480040D46DFF0AF7762F91000048D944BEE18204910000F6D9FF2840D4F53B900C5029
:207768006DFF13FE40E23C010090404F7CFF91000048D9449F91820491000026D9222840C5
:20778800D4253B9011506DFF00FE821440F46DFFB1FE088F6E03DA013C02DA00820440F4B8
:2077A8006DFFA8FE02F23C0100904C446E0382123C0282023C010090404F405C7CFF910093
:2077C8000048D9449F91820491000026D9222840D4253B8003506DFFD8FD7CCF9100004800
:2077E800D9448EE1820491000026D9222840D4253B9003506DFFC9FD54CFEE0F9100004813
:20780800D944A3E1820491000026D9222840D4253BA003506DFFB9FDD4C46DFF16FFBC2CD5
:20782800D4C4820491000026D9222840D4253BB003506DFFAAFD6DFFDCFE402D82F440D481
:207848006DFF8BF6762F91000048D944BEE1820491000026D9222840D4253B1004506DFF55
:2078680094FD3B80004040F440C56D00F50ADA002CF8DA002CF991000048D94434716DFFCB
:207888006FF6E832483FEE0F91000048D9448AF1820491000026D9222840D4253B800450C4
:2078A8006DFF73FD3B80004040F440C56D00D40A40F46DFF59FE40D46DFF4FF6762F910073
:2078C8000048D944BEE18204910000F6D9FF2840D4F53B0005506DFF58FD00906DFFB5FE86
:2078E8007C2382023C0282123C01009002523C010090910000F6D9FF344091000028D92216
:20790800A4F1F4F2910000F6D9FF3440DA052CF591000046D9443C4091000056D955344018
:207928006DFF4CFF009091100028D922F4DB3C13802F8B4F1E00600F54FFBB505A1A9B5142
:207948005A1A7E17486FBB505A1A9B515A1A3E123C0360023CEE910000F6D9FF2450F4F2AC
:2079680082003C2E53C021F0102F54FFBB505A1A9B515A1A5F1F248053C021F0102F486F42
:20798800BB505A1A9B515A1AFE1A53C021F0102F09FF1108910000F6D9FF285009F100088B
:2079A8007FF10C00910000F6D9FF285053C021F01024094F110834FFC2103C023C023CD313
:2079C800910000F6D9FF1C5074F0009091000028D92208103C13802F8B4F1E00600F54FF5C
:2079E800BBF0EE1B9BF1EE1B7E17486FBBF0EE1B9BF1EE1B3E123C0360023CEE910000F6FF
:207A0800D9FF2C50F4F282083C6253C821F0910000F6D9FF2C50D4FF10FF54FFBBF0EE0B1C
:207A28009BF0EE0B5F0F538053C821F0910000F6D9FF2C50D4FF10FF486FBBF0EE0B9BF0AA
:207A4800EE0B5F0F448053C821F0910000F6D9FF2C50D4FF10FF485F820102F0BB00802C87
:207A68009BE2A72982030B0250F10B3100F20B3190F2EE1453C821F0910000F6D9FF2C50E9
:207A8800D4FF10FFC8148204910000F6D9FF1850D4F53B9011506DFF78FC53C821F0910041
:207AA80000F6D9FF2C50D4FF10FFC83C53C821F0910000F6D9FF2C50D4FF10FF485F6DFF92
:207AC8008DFC422F74CFC2183C023C023C9F910000F6D9FF205074F8009020080248820968
:207AE8003C3853C921F0910000F6D9FF2450D4FF10FF09F011085F802C8053C921F09100CD
:207B080000F6D9FF2450D4FF10FF09FF5008EE20DFF8140053C921F0910000F6D9FF2450E0
:207B2800D4FF10FFC81FF4AF89A8040991000048D944BBF16D00260A53C921F0910000F6A0
:207B4800D9FF2450D4FF10FFC82F2D0F0000C219910000F6D9FF1C5054FF3FF9C4FF009038
:207B680082083C5353C821F0910000F6D9FF2C50D4FF10FFC83C3C476DFF30FC8201022037
:207B88000B01102854CF820102F00B0250F10B1300F20B31A0F2EE1454CF820102F00B2010
:207BA800C0000B31D010BBF07F439B14584682050B0430F10B5100F20B15A0F2EE0154CF5E
:207BC800820102F00B0230F10B1300F20B13A0F2EE1954C053C821F0910000F6D9FF2C5018
:207BE800D4FF10FF485F42F074C053C821F0910000F6D9FF2C50D4FF10FFC82F2D0F000072
:207C08003C023C023CBAC218910000F6D9FF205054FF3FF8A9FF00906DFF87FE6DFFD8FE4C
:207C2800DA003C08370F48406DFF59FFC21F370F68F0910000F6D9FF285009F000087FF0C6
:207C4800F37F3C036DFF8EFF3CFE0090404F09FF6C08DE1D6DFF4EF448AF3FF2188009FF2C
:207C68007008BA0F89FF300809FF71086E0409F470083C0509FF70088B0F0042C8846D003D
:207C8800880248AF4890420F6CFA3C4109FF6C08DF2F3E806DFF2EF448AF3FF2398009FF90
:207CA8007008BA0F89FF300809FF71086E0409F470083C0509FF70088B0F0042C8846D00FD
:207CC800680209FF6E08C21F89FF2E0809FF6E0809F06F083F0F0580DA0089FF2E0809FFB4
:207CE8006E08EE0648AF1B4F1FF06CFA3C1009FF6E0882204B0F0102F61648AF8BAF0FF037
:207D08006CFA3C0548AF8BAF0FF06CFA00902008404F405C406D02487CFF91000048D944D3
:207D280069F1820491000026D9223050D4253B6003506DFF2AFB7CCF91000048D94474F10B
:207D4800820491000026D9223050D4253B7003506DFF1BFB7CDF91000048D944E80182042A
:207D680091000026D9223050D4253B8003506DFF0CFB40C46DFFB4FD762F91000048D94493
:207D8800F901820491000026D9223050D4253B9003506DFFFAFA40D46DFFA2FDF62F9100DD
:207DA8000048D944D211820491000026D9223050D4253BA003506DFFE8FA91000048D94450
:207DC800D417821491000068D966348140F56DFFCAF3E872487FEE0C820491000026D9227C
:207DE8003050D4253B10045040C46DFFCEFAC8743B2003406DFFE7F3762F91000048D94470
:207E0800EE11820491000026D9223050D4253B3004506DFFBAFA91000028D9222081E8523C
:207E2800A002E862DA0089FF2C08DA0089FF300889F8310840D46DFF08FCE88291000028BD
:207E4800D92218810922C00989A2C009F4AC49A5000A40F46DFFB2FC0090404F02487CFFD4
:207E680091000048D94469F1820491000026D9223050D4253B2008506DFF87FA09FF6C08DD
:207E88005E23489FBE8DDA0289FF2C0889F82D08DA0089FF2E08C218532820F089FF2F081D
:207EA8006DFF28F31B421FF06CFADA0089FF3008C88409FF71088B0F00426D006A010090B6
:207EC8002018404F0248025F405C91000026D922345014203FF045806DFF80FA534F200086
:207EE80091000028D922049101200026D422F4A291000028D922FC211022092F00087801A2
:207F0800F80289A80C0989A2100991000048D944E4216D00370849A6180A91000046D94429
:207F280060603BF00F4040C56D00680C910000F6D9FF606001F200F6DA0034FF910000F67D
:207F4800D9FF6060F4AF91000048D944F9216D00190891000048D9443C226D0013080090D4
:207F68002008404F405C406D407E7CFF91000048D94469F1820491000026D9223850D425B7
:207F88003BB001506DFF01FA7CDF91000048D944CA31820491000026D9223850D4253BC036
:207FA80001506DFFF2F9DA006CF7DA0089FF2008E89D91000028D92218810922C00989A259
:207FC800C009F4AC49A5000A40F46DFFF7FBE86EA002E852C892542F6E06C892D42240F49F
:207FE8002D02000000902008404C02487CCF91000048D94469F1820491000026D922385061
:20800800D4253B1009506DFFC0F9CCC9483FEE0382E23C1CCCC9C83F40C402842D0F00006B
:20802800022FEE1289C8200874A8910000F6D9FF3850D4F43BE00940824591000058D95581
:20804800D6316DFF3FFF02F23C010090404F02487CFF91000048D94469F1820491000026C5
:20806800D9223850D4253B7005506DFF8EF9C8924C21EE0382E23C0BC8920922840940F4E0
:2080880002842D020000F62268783C0100902008404F405C406D407E7CFF91000048D9442F
:2080A8009F91820491000026D9223C50D4253B0002506DFF6AF97CCF91000048D944F93104
:2080C800820491000026D9223C50D4253B1002506DFF5BF97CDF91000048D944CE41820498
:2080E80091000026D9223C50D4253B2002506DFF4CF991000028D92218910922C00989A267
:20810800C009F4AC49A5000A40F46DFF57FBE86EA002E852E87DD4D240F42D020000DA0585
:2081280089FF2008C8720922880949F5210A40F42D020000762F91000048D944E241820481
:20814800910000F6D9FF3C50D4F53B6003506DFF1CF90090404C02487CCF91000048D9444D
:208168009F918204910000F6D9FF3C50D4F53B1004506DFF0AF909CF60083E89CCC7C81FFE
:2081880040C402842D0F000089C820080090404C02487CCF91000048D9449F9182049100AA
:2081A8000026D9223C50D4253B1007506DFFEDF809CF60081E3F09CF60081E4CD4C48204B9
:2081C80091000026D9223C50D4253B2007506DFFDCF809CF610807F860F06E0ACCC7C83FCC
:2081E80040C402842D0F0000F62389C8210800902010404F405C406D407E7CFF9100004874
:20820800D94469F1820491000026D9220060D4253BA002506DFFB9F87CCF91000048D944C3
:2082280074F1820491000026D9220060D4253BB002506DFFAAF87CDF91000048D944CA31A9
:20824800820491000026D9220060D4253BC002506DFF9BF882043B80025040F46D002E06D1
:20826800E87D3B803EF06CF8DA006CF9A002E852E86E91000028D92220910922C00989A24F
:20828800C40989AC840949A5040A40F46DFF96FAC872542F6E06C872D42240F42D02000057
:2082A800F4AC910000F6D9FF0060D4F43B800440824591000058D955FB516DFF03FE009069
:2082C800404F02487CFF91000048D94469F1820491000026D9220060D4253B8008506DFFE2
:2082E80054F83B0071F27F8F108091000048D944F941820491000026D9220060D4253B9062
:2083080008506DFF42F8487FEE0F91000048D944F161820491000026D9220060D4253BC0BF
:2083280008506DFF32F8C8724C23EE0F91000048D944DA51820491000026D9220060D425EF
:208348003BD008506DFF21F8821440F46DFFD2F8C87209228C0940F402842D020000022F19
:20836800EE026898820440F46DFFC4F802F23C010090404F02487CFF91000048D94469F1BE
:20838800820491000026D9220060D4253B3005506DFFFBF7F68F91000048D944E3618204E1
:2083A80091000026D9220060D4253B4005506DFFECF7487FEE0F91000048D944F1618204F9
:2083C80091000026D9220060D4253B7005506DFFDCF7C8724C21EE0F91000048D944C2717E
:2083E800820491000026D9220060D4253B8005506DFFCBF7821440F46DFF7CF8C872092297
:20840800840940F402842D020000022FEE026888820440F46DFF6EF802F23C010090404FF1
:2084280002487CFF91000048D94469F1820491000026D9220C60D4253B1023506DFFA5F7BC
:2084480048FFEE0F91000048D944EC81820491000026D9220C60D4253B4023506DFF95F7EA
:20846800C8F2542FEE0F91000048D944FDA1820491000026D9220C60D4253B5023506DFF1F
:2084880084F7C8F2D42240F402842D0200003C01009082FF025402F56D0009003C010090E2
:2084A80002546D00B7013C010090404F405C024B025C7CFF91000048D94469F182049100B4
:2084C8000026D9220C60D4253B6014506DFF5DF77CCF91000048D944C4818204910000268C
:2084E800D9220C60D4253B7014506DFF4EF7F6BF91000048D9448A81820491000026D92266
:208508000C60D4253B8014506DFF3FF740F46DFF2EF9F62F91000048D944D18182049100E2
:208528000026D9220C60D4253B9014506DFF2DF7820D48FFEE0F91000048D944EC81820432
:2085480091000026D9220C60D4253BE014506DFF1CF7C8F24C22EE0F91000048D944D0A172
:20856800820491000026D9220C60D4253BF014506DFF0BF740F46DFF1AF9DF023C806DFF9D
:20858800B9EF0B2C1088820A3C32DFFC100076CE6DFFB0EFA2827FC207801AC86DFFAAEF55
:2085A80052293C04F6D282CD3C24C89401CA0056A00602946DFFA2EFDFE20580F6D282CD6E
:2085C8003C18F626C21D3FBD03803C133C0F91000048D944EAA1820491000026D9220C6006
:2085E800D4253BE017506DFFD0F6C21A3FBACFFF3C0102D23C0100902010404F405C406D3D
:20860800407E7CFF91000048D944EAB1820491000026D9220C60D4253B6005506DFFB5F6E4
:208628007CCF91000048D94474F1820491000026D9220C60D4253B7005506DFFA6F67CDF8C
:2086480091000048D944CA31820491000026D9220C60D4253B8005506DFF97F682043B803A
:20866800045040F46D002A04E8FD7CEA91000026D92204600922C00989F2C0193C0849F4A5
:20868800001A3B80004040E56D00E60391000028D9223091E85209A29009E862910000284C
:2086A800D92228910922C00989A2C009F4AC09FF451816015E13DA002CA449A5000A40F4B3
:2086C8006DFF7CF8E8FD4CD46E0D09F2C01989A2C809C8F20922900949A5080A40F42D0281
:2086E8000000C8F2D422821440F42D02000009FF451816015E18C8F209228C09820440F4A3
:208708002D02000091000048D94404A16DFF28EFE872487FEE0F91000048D944F9B18204C0
:2087280091000026D9220C60D4253BF008506DFF2CF682148205A0046DFF12EFE882488F9A
:20874800EE0F91000048D944ED71820491000026D9220C60D4253B1009506DFF16F609FFFF
:20876800C618370F70408215A0046DFFD7EEE89291100048D9448C78821491000068D9665F
:2087880014A140F56DFFEFEEE8A248AFEE0C820491000026D9220C60D4253B200A5040C4CD
:2087A8006DFFF3F5C8A482146DFF0DEF762F91000048D944EE118204910000F6D9FF0C6008
:2087C800D4F53B400A506DFFE0F50090404F405C7CFF91000048D94469F1820491000026EF
:2087E800D9220C60D4253B8028506DFFCEF57CCF91000048D944D9B1820491000026D922AC
:208808000C60D4253B9028506DFFBFF5E8EC0090404F405C02487CFF91000048D94469F1E4
:20882800820491000026D9220C60D4253B3010506DFFABF57CCF91000048D944C4818204B0
:2088480091000026D9220C60D4253B4010506DFF9CF5F68F91000048D9448A818204910084
:208868000026D9220C60D4253B5010506DFF8DF540F46DFF7CF7F62F91000048D944D18111
:20888800820491000026D9220C60D4253B6010506DFF7BF5820948FFEE0F91000048D94497
:2088A800EC81820491000026D9220C60D4253BB010506DFF6AF5C8F24C21EE0F9100004893
:2088C800D944C091820491000026D9220C60D4253BC010506DFF59F509FF45181601DE1204
:2088E800C8F24C23EE0F91000048D944F491820491000026D9220C60D4253BF010506DFF3B
:2089080044F540F46DFF53F7DF025B80C87482F46DFF23EE762F91000048D944EE11820421
:2089280091000026D9220C60D4253B8011506DFF2CF509FF451816015E18C8F209228C0903
:20894800821440F42D020000C8F20922840940F440C502842D0200000229CE923C14C8848F
:2089680082F46DFFFAED762F91000048D944EE11820491000026D9220C60D4253BA01250B2
:208988006DFF03F509FF451816015E18C8F209228C09820440F42D020000C8746DFFDDEDA4
:2089A800762F91000048D944EE118204910000F6D9FF0C60D4F53B5013506DFFE6F4029233
:2089C8003C0100904C4E6E06CC4E49442C0A2D0F00000090F44589440C0989441009DA0030
:2089E8006C41DA006C4200904C430940100952027F4203803C02024282003C0E015000F68C
:208A0800D4424C4212014C434BF1114201250026142F34FFC2103F20F3FF4C4212204C4345
:208A28004BF01102894108094C44422F6C443C010090BD043100B0C4404C54CF910000D60B
:208A4800B70F0180D9DD3C80D4DF74C801C800E654EF6E04AE0342F83CF954F001F0002687
:208A68007DC20580420874F840FCEE1082046DFFCDECB04E7DE20A80325802846DFFC6EC7A
:208A8800802F1EF3DA0074CFD4DF80CF80F00B0F90F174DF0090144082013C16538120F0F4
:208AA800910000F6D9FF146010FF14FF7E0C538120F0910000F6D9FF146010FFC81F2D0F46
:208AC80000003C04C211BF21EBFF009020080C4137F808800C4237F808840C4337F80888DE
:208AE8000C4437F8088C82543B9000506D009C0674A8910000F6D9FF1060D4F43B500240DB
:208B0800823591000058D955DDC16DFFDBF900900D00000282046D00310D82046DFFFCD013
:208B2800DA0982180FF80080892828290D00400200800D00000282046D00200D82146DFF27
:208B4800EBD08278DA010F8F00F0892F28290D00400200800D00000282046D000F0D821463
:208B68006DFFDAD0DA0982180FF80080892828290D00400200800D00000282046D00FE0CF6
:208B8800910000F6D9FF0C80D4FF2D0F00000D00400200800D00000282046D00EF0C820481
:208BA8006DFFCCDF762482046DFFBEDF82446DFFC5DF762482446DFFB7DF0D004002008066
:208BC8000D00000282046D00D90C82146DFFB6DF762B82146DFFA8DF910000F6D9FF1480F2
:208BE800D4FF2D0F000082546DFFA8DF762482546DFF9ADF0D00400200800D0000028204DC
:208C08006D00BC0C82346DFF99DF762B82346DFF8BDF910000F6D9FF1080D4FF2D0F000052
:208C280082746DFF8BDF762482746DFF7DDF0D00400200800D00000282046D009F0C9100FB
:208C48000046D944B4A06DFFF5CF0D00400200800D00000282046D00910C6D004A080D00EB
:208C6800400200800D00000282046D00870C0D00400200800D00000282046D007F0C9100A8
:208C88000046D944A0C06DFFD5CF0D00400200800D00000282046D00710C91000046D944B7
:208CA8008CE06DFFC7CF0D00400200800D00000282046D00630C910000F6D9FF1880D4FF34
:208CC8002D0F00000D00400200800D00000282046D00540C91000046D944B8F06DFFAACF9E
:208CE8000D00400200800D00000282046D00460C6D00480C0D004002008091000046D944C5
:208D080060A091000058D955F1C191000068D96659A182146DFFFDF7910000F6D9FF60A0FB
:208D28007CFF91000048D944F6C18204910000F6D9FF2460D4F53BC000506DFF26F3910070
:208D48000046D94460A082246DFF89F80090C234B70402F06E659249DF096300910000F662
:208D6800D9FF3C8054FFEE1582046DFF4FEB802F325F160392446DFF49EB8020DFF0510046
:208D88001022F4F291000046B542388082007420D4FC820A3C0310CCB0FC54CF6E036F0FE2
:208DA800FCFFF4FC3C1DB70801F010CF6F08188054FFEE1182046DFF29EB49F4040A7D4267
:208DC8000F80325802846DFF21EB802F1EF874CA82083C0CAE0442F874C840CF40FC54C810
:208DE80076856F08E2FF3F98E0FFDF082680BF19180002946DFF0AEB802F9EF249CF040A89
:208E080001F220F4EE0D012F30F4EE12802F325F1603102F92446DFFF9EA802F5EF3A00295
:208E2800009001CF2020802F960174CF40FC01C900F674FA3C0A9A493FF8078001C900F6F0
:208E4800A29874F83C0202898F1940F174CF49C2040A0090DF043000404FBF842780804F7B
:208E68008F3F000180518F3100115F101F802E06C2F4045F344F494F010A80FF2E16045FD2
:208E880024FFC2E4045F24FF8F7400018FD41FF06E0B02F14052C2F160160922480189F2EF
:208EA8004801FC6CD05502047646C2F46042045F24FFFC2E40420090404FBF852380804FB3
:208EC8002E05C2F53444494F010A80FF2E1424F4C2E524F48F7500F106D5DF051200D20055
:208EE800764A370468008F802010A6108F002110A6100201C2F5605289F04801FC2E02F54D
:208F08007655C2F5605224F4FC2F40420090024F370FE81B8F1F1E00DAFF7E17024F7444E3
:208F2800B70F89FB6E123C0B8FF00150DA7F7FF10900DA00B70F81FFA65F744F02420090BA
:208F4800DA963FF10A007444DA00B70F81FF8FF00120A6F20090B704890B8F71012082F3DA
:208F68008B6109110F1300302630B700890BA652A60274426B0231F4B70F812FA65200900A
:208F880020104045910000F6D9FF100049F2140AF4A249A6100A40A46DFF00E609FFE40883
:208FA8001640AAF20090024F8204370F68506D00621702F23C010090094FC408370FEE0053
:208FC800094FC608370F6EF07E0C0C441601094045083700E1037E03DA003C05DA013C0367
:208FE800DA023C0182003E0682103E0682203E073C0682023C290942C8083C26094FC608FF
:20900800370F6EF00940C4083700EE007FF00E00094FC608370F6EF00940C4083700EE00E9
:20902800A20F370F70203C10094FC8080940C4083700EE000941C60837016E10A210A20FC2
:20904800370F70203C010090404F405C024840F46DFFB4FFF62382023C647F8203800228B2
:2090680009F0C80809F1C4083701EE10A2107F081A00D4F209F0C4083700EEF0102540C4F7
:2090880002846DFFE9FE09F0C40809FFC408370FEEF0428F370F70F037F08EF0ACF20282F4
:2090A8003C40D4F209FFC408370FEEF0102509F4C80809FFC408370FEEF0A2F440C46DFF6E
:2090C800CBFE09FFC80809F0C4083700EE00A20F10C4D4F509FFC80809F0C4083700EE00ED
:2090E800A20F0BF880406DFFB7FE0840084F160182F1C61F370F68F037F001F02CF409F0F6
:20910800C40809FFC80809F1C4083701EE10A21F5AF8370F70F037F08EF0ACF202823C01EA
:209128000090094FC408B70F8EF0AC420C45B70F81F32C45094FC608B70F0EF0AC430C441C
:20914800B70F01F02C44F445B70402F0AC440090404C405D7CCF91000048D944CCD18204ED
:20916800910000F6D9FF2860D4F53BE015506DFF0CF1A00FF4DF40C46DFF20FFF6238202A0
:209188003C1ED4CF09CFC408370FEEF010FFF4DF09CFC80809C0C4083700EE00A20F370FC7
:2091A80068F07FF203803C0B09CFC80809C0C4083700EE00A20F370F70203C010090404FCF
:2091C800405C024909F8C80840F46DFFF7FEA228370870F0EE0382023C657F9F038002F91F
:2091E80009F0C80809F1C60837016E10A2107F091A00D4F209FFC608370F6EF0102440C553
:2092080002946DFF29FE09FFC60809F0C60837006E00429037007000370F0EF0ACF30292EB
:209228003C41D4F209FFC608370F6EF0102409F4C80809FFC608370F6EF0A2F440C56DFFE7
:209248000BFED4F409FFC80809F0C60837006E00A20F10C509FFC80809F0C60837006E0027
:20926800A20F0BF980406DFFF7FD0850085F370FE1F382F1C61F370F68F037F081F32CF586
:2092880009F0C60809FFC80809F1C60837016E10A21F5AF9370F70F037F00EF0ACF3029297
:2092A8003C0100907C4F91000048D944EED18204910000F6D9FF2C60D4F53BC00A506DFF5E
:2092C80064F00090404F405C09FFCC08C24F531F20406DFF3EFD402D54CF82103E023C2053
:2092E800C82409FFCC08C24F370F704040D56DFFADFE09F4CC08C2443B90005040D46D00F8
:20930800930240D4B0446DFFC8FB91100028D9225609E81240D46DFF8EFB82323C0640D449
:209328006DFF89FB82123C010090911000F8D9FF5609EC4182323C01009020089100004657
:20934800D94454B091000056D95560B03B0010406DFFE9FE91000046D94454B09100005602
:20936800D95530603BA000406DFF2BFF91000046D94460F091100058D95532C96D0035016D
:20938800910000F6D9FF60F091000026D92254B0E82291000046D94460F0A0056D00A90156
:2093A800910000F8D9FF24A109F2C00989A2C009910000F6D9FF2C60D4F43BF009408235E9
:2093C80091000058D955D1F16DFF7CF591000046D94460F049A5000A6D00590191000046F5
:2093E800D94460F049A5000A6D00510191000046D94460F049A5000A6D0049019100004677
:20940800D94460F049A5000A6D0041010090404F545F82103E023C49C82449F5100A6DFF57
:2094280099FEBF123580C8421420DA55FE0BC8420C213BA00A00FE0691000026D9222C6033
:20944800D4243BC00340823591000058D955FED16DFF38F591100028D9227629E812823287
:209468003C2691000026D9222C60D4243B000440823591000058D955C8E16DFF23F5911031
:209488000028D92232C9E81282323C11910000F6D9FF2C60D4F43B50044082359100005889
:2094A800D955D5E16DFF0EF582123C0100902008404F545F82103E023C30C8420C228F8FF2
:2094C8002000C8420C23A6F074A091000026D9222C60D4243B100540823591000058D955ED
:2094E800E6E16DFFEFF4C8420C228F8F2000C8420C23A6F0A86009FFCC086E0891100028E6
:20950800D9226649E81282323C0A91100028D9225609E81282323C0382123C010090404DA7
:20952800405C09DFCC08C24F531F20406DFF11FC402E820054CF82113E123C50DA003C09CE
:2095480009D29009102F14F1421037006800C21F09D1CC08C2313F1FF57FCCD409DFCC08AA
:2095680010FF083FFE09910000F6D9FF2C60D4F43B800640823591000058D955F6E16DFFC1
:20958800A1F4911000F8D9FF0CB9ECD140E46DFF52FA82323C28910000F6D9FF2C60D4F494
:2095A8003BB00640823591000058D955C2F16DFF89F409D4880909DFCC08C24F370F7040D7
:2095C80040E56DFF43FD911000F8D9FF5609ECD140E46DFF30FA82323C0640E46DFF2BFAC0
:2095E80082123C010090A00FEC42DA00AC46A00FEC446D00280000906F770C006F0505806A
:209608008FF707F16E06C215EF850400C21606F5B70589FB8F7601008F840120A60FA6F267
:209628000090201049A6100AA00FF4AF89A4840982FF780240A46DFFB1E2D801DA0034FF89
:209648000090404F405C7CFF91000048D944E7F1820491000026D9223C60D4253B40025064
:209668006DFF93EE7CCF91000048D944EFF1820491000026D9223C60D4253B5002506DFFBE
:2096880084EEA002F4F2E81C0090404F405CD4F2C8147D42100091000048D9440702820413
:2096A80091000026D9223C60D4253B6005506DFF6CEEC81240F440C52D020000DF321880BA
:2096C800D4F291000046D94400704945100A40F42D020000C81291000046D9440070494581
:2096E800080A40F42D020000C812F4F20090404F405C7CFF91000048D944E7F18204910012
:209708000026D9223C60D4253B7003506DFF3DEE481FEE0F91000048D944F9F1820491009B
:209728000026D9223C60D4253B8003506DFF2DEEC81240F440C52D020000022F1E3302F21E
:209748003C0FC81291000046D94400704945080A40F42D020000C812F4F202F23C010090F4
:20976800404F044FEEFF01F420F080F2C2F200903C08C2F4044F04506E023E035202009021
:20978800DF04F9FF82020090910000F6D9FF2870D4F43BA00040824591000058D9552902EF
:2097A8006DFF90F30090910000F6D9FF942091100048D9444CCA8214A00591000068D96680
:2097C8002CA16DFFD0E6F4F2910000F6D9FF9420D4F43BA000406DFFF6E600909100004805
:2097E800D94433026DFF31EF91100058D9552CA940246DFFEDF700902010404C024FA00F87
:20980800F4AF89AC8409BCC410CFB0FF3C02A00FF80240A46DFFC2E1BCC56E04D801DA004D
:2098280034FF00902008404F0B451088BCF2F68B91000048D94404126DFFA4FB3B101020FD
:209848001D0075013B0001A0820B8F2900F18FFF1F00F6043B5003B03C178F2900F18FFFEC
:209868001F0076088F4900F106EFEE043B8004B03C0B8F2900F106FF6E078F4900F106EFFC
:209888006E033B8006B0F4AF89A8040991000048D9443E126DFF76FB6F094C00DA003C0AF6
:2098A80091000048D9443A226DFF6CFBC21F370F68F03FBFF7FF91000048D9443C226DFF48
:2098C80061FB91000048D9443F226DFF5BFBDA003C0B74AF91000048D94406326DFF52FBE0
:2098E800C21F370F68F03FAFF6FF8F2900F106FF6E0791000048D9440B326DFF43FB91006D
:209908000048D9443C226DFF3DFBDA003C0A91000048D9443A226DFF35FBC21F370F68F04B
:209928003FBFF7FF91000048D9443C226DFF2AFB820C1D00E10001FC0026142F4BAC11024A
:20994800F61A4BAC110274A091000048D94413326DFF18FB74AF91000048D9441B326DFF45
:2099680011FB9A1C4BAF110276149AF85FCFC3809A1C4BAF1102DF011400820D3C08910068
:209988000048D9441A126DFFFDFAC21D9A1C4BAF11028B0101F1533F20F03FFDF2FF8F2924
:2099A80000F106FFDF0FA10091000048D9441C126DFFE8FA4BAC11020B1C80D01D00930077
:2099C80001FD0026142EDA203FFE2180DA7E3FEF1E808F4900F106EF6E0791000048D944F4
:2099E8001A126DFFCFFA74AE91000048D9441F126DFFC8FA8F4900F106EF6E07910000487B
:209A0800D9441A126DFFBEFA3C6C8F4900F106EF6E58DA00BEE5DA07BEEADA08BEEFDA092D
:209A28005FEF2400DA0A5FEF2800DA0B5FEF2C00DA0C5FEF3000DA0D5FEF34003C39910020
:209A48000048D94422126DFF9DFA3C3A91000048D94426126DFF96FA3C3391000048D9445D
:209A68002A126DFF8FFA3C2C91000048D9442E126DFF88FA3C2591000048D94432126DFF1A
:209A880081FA3C1E91000048D94436126DFF7AFA3C1791000048D9443A126DFF73FA3C1011
:209AA80091000048D9442B226DFF6CFA3C0974AE91000048D9442F226DFF64FA3C013C1187
:209AC80091000048D94435226DFF5CFA8F4900F106EF6E0791000048D94437226DFF52FA35
:209AE800C21D7FDC6FFF91000048D9443C226DFF49FAC21C3F8C21FF8F8900F106DF6E147A
:209B0800DA003C0A91000048D9443A226DFF3AFAC21F370F68F03FBFF7FF91000048D944C2
:209B28003C226DFF2FFA82023C0100906D0016056D0036006D003F006D00630682046D0039
:209B48001D0500904DC0E1FF16073C016E083C01910000F6D9FF982014FF6EFB4DC0E1FFD1
:209B680016073C01910000F6D9FF982010FFDA0134FF8218DA003C0B910000F6D9FF98207D
:209B880010FF14F0E20837086880C21FBF2FF6FF82146D007906DF08EE7F00906DFFDCD84F
:209BA80002246DFF30D86DFFEBD802246DFF6FD80090910000F6D9FF9C206DFF55D4682231
:209BC8004DC0E1FF8F7F00413C01910000F6D9FF9C206DFF8CD36812910000F6D9FF9C2089
:209BE8006DFF97D474F2910000FFBCF16DFF79D4913000FF39FF3506160F4B0F41F14BF209
:209C080051F03C013C01910000F6D9FF9C206CF30090404F0258F64791000026D9223070FF
:209C2800142FEE023C1F91000026D9222C70142F6E033C013C0091000026D9222C70DA00EB
:209C4800C21F342F6D007E043C0C91000048D9442E42A00640F502846D0064006D00040078
:209C68003CF500902008DA0074AFDA007801DA0074AF3C0FDA0078013C045801C21F780115
:209C880058013BF0FF017FF0FAFF54AFC21F74AF54AF3BF0FF007FF0EFFF0090201849A48A
:209CA800000A6D002002911000F8D9FF104AF80249A4000A6D00DB018204BB00205C9B1591
:209CC8000050820682076D00440D91000046D9448440820491000056D95580303B000450CB
:209CE8006D006F02820482156D004B0F0090910000F6D9FF347014FF6E1382049100004616
:209D0800D94480406D002A0F91000046D944844091000056D955804082146D00480300904D
:209D2800D9AAE86F404C405D0248406E820089A08C08DA00ACA7DA007804DA00ACAADA0054
:209D4800ACAB40D46DFF0EFD89A2100991000026D922AC20092FC0086E08910000F6D9FF82
:209D6800AC20C84F2D0F0000910000F6D9FF347014F0DF007B01910000F6D9FFAC2009FF27
:209D8800C008DF0F3F0109A096088CABC21FACAB910000F6D9FFAC20C83F82043700705060
:209DA80040C42D0F000040D46DFFDCFC89A21009910000F6D9FFAC2009F0C208910000F64A
:209DC800D9FFAC20086F4BF0010289A094083C0109DF0008B01DEEFDDA00ACA73C11B0FD51
:209DE80009D00008DA2F3E0509D00008DA5C7E0509AFCE08C21FACA75804C2FF780409AF81
:209E0800CE08FF2F05805804FF0FEB7F58040EFCB01DF4AD49A4180A91000058D955213290
:209E28006DFF01FC3C1709AFCE08EE0BF4AD49A4180A91000058D9552A326DFFF4FB3C0A13
:209E4800F4AD49A4180A91000058D95521326DFFEAFBDA00ACA63C4CDA00ACA73C2349A462
:209E6800180A6DFF7FFC09A0CC088CAA09A1CE0803F00AF17FF203803C1A09AFCE0810AF19
:209E880049FF184A09A0CC088CAA09A1CE0803F00AF110A2092F180834FF09AFCE08C21F43
:209EA800ACA709A0CE088CAA3FF0DB7F09AFCE0810AF49FF184ADA0034FF910000F6D9FFA6
:209EC800AC2008708CABE2F08CABC21FACAB910000F6D9FFAC20C83F82043700705049A422
:209EE800184A2D0F000009AFCC08C21FACA609A9CC0849A4180A6DFF35FC8CAA4BF2110245
:209F08009A103FF9ABFF74A849A4180A91000058D95537326DFF87FB910000F6D9FFAC20E9
:209F2800087F09A09608E2F08CABC21FACAB910000F6D9FFAC20C83F82043700705049A46E
:209F4800180A2D0F0000A00F7DEF5B00DA00ACA63C4CDA00ACA73C2240E46DFF03FC09A0AE
:209F6800CC088CAA09A1CE0803F00AF17FF203803C1A09AFCE0810AF49FF184A09A0CC08A3
:209F88008CAA09A1CE0803F00AF110E2092F000834FF09AFCE08C21FACA709A0CE088CAA39
:209FA8003FF0DC7F09AFCE0810AF49FF184ADA0034FF910000F6D9FFAC20087F09A0960812
:209FC800E2F08CABC21FACAB910000F6D9FFAC20C83F82043700705049A4184A2D0F0000FE
:209FE80009AFCC08C21FACA609A8CC0840E46DFFB9FB8CAA4BF211029A103FF8ACFF3C354E
:20A0080049A4185A82043B0010506DFF57F7910000F6D9FFAC20C82F40C42D0F0000A00FED
:20A028007DEF1000F4AD89A8040989AE880949A4185A91000058D95500426DFFF4FA3C0C9B
:20A04800F4AD89A8040949A4185A91000058D95519426DFFE8FA910000F6D9FFAC20C82FD8
:20A0680049A4185A2D0F00000090910000F6D9FFAC20094FC008B4FF910000F6D9FFAC2084
:20A08800094FC208ACF1910000F6D9FFAC20094FC408ACF2910000F6D9FFAC200C462CF66D
:20A0A800910000F6D9FFAC200C472CF7910000F6D9FFAC2009428809E822910000F6D9FF87
:20A0C800AC2009428C09E83291000026D922AC20CC44EC24910000F6D9FF3470DA0134FF03
:20A0E8000090DA00B44FBBF0FFFFAC41BBF0FFFFAC42DAFF2C46DAFF2C47A00FEC42A00F9B
:20A10800EC43A00FEC44009082046D00BF0E0090404FA00201F2104491000048D9443B425E
:20A128003B5005506DFF77FD820814FF960134FFDA006CF2DA006CF3485F6CF4081F8200CF
:20A148003E0682103E0A8220BE003C17C814820448556DFFB3F63C11C8148204485F532F3A
:20A1680020506DFFABF63C09C8148204485F534F20506DFFA3F63C01DA0034FF02823C01EA
:20A1880000904C43424F6C433C064C4309401409A20F6C434C4509400C097FF0F8FF0090DC
:20A1A8004C42424F6C423C064C4209401409A20F6C424C45094008097FF0F8FF0090404FC5
:20A1C800024F405C0258A00201F2104491000048D9443B423B2022506DFF1DFD8202E81CF9
:20A1E800820034F02CF1DA006CF2DA006CF3684868583C010090404F405C406D0249A00221
:20A2080001F2104491000048D9443B423B1016506DFF01FDA00201D2104491000048D944A2
:20A228003B423B2016506DFFF6FC82088200A0027DC2058082381D00900014FF16036E0502
:20A2480074D082681D009F0040F46D009F0054D07F020B8074D28278F62714FFB70F81F1F4
:20A2680034FF1D00900014FF960834FF485F4830520A54D03F0A2B80081F82003E06821000
:20A288003E0C8220BE063C21C812483F102554D440C46DFFE1F53C19C812483F532F20F05D
:20A2A800102554DF532F204040C46DFFD5F53C0DC812483F534F20F0102554DF534F20404C
:20A2C80040C46DFFC9F53C013C43081F82003E078210BE0482205F0F27003C3AC812483F3C
:20A2E800102540C402A46DFFB7F501CA0046C81554D4A2A46DFFB0F53C2BC812483F532FA8
:20A3080020F01025532A204040C46DFFA5F5532A20F010C4C81554DFA2AF532F20406DFFF9
:20A328009BF53C16C812483F534F20F01025534A204040C46DFF90F5534A20F010C4C8159B
:20A3480054DFA2AF534F20406DFF86F53C0114FFB70F81F134FFDF09168014F0DA0B7E03E5
:20A3680082283C1014FF960234FF54D440F46DFF0AFF484F54D0420F6CF414FFB70F81F07A
:20A3880034FF02823C010090404FA002012F104491000048D9443B423B6007506DFF3BFC74
:20A3A800485F484052023C010090404F405C0248A00201F2104491000048D9443B423B0039
:20A3C8000B506DFF28FC8209A0027DC2058082391D00B50014FF16056E0482491D00AF00D5
:20A3E80014FF960434FF484F3F8FA480485F4820520A7F8A69800810DA003E0882115F0164
:20A408002000DA025F0F3E003C5DC812482F102440C502A46DFF20F540F402A46DFFC2FE3C
:20A42800C812482F102401CA00560BA880406DFF13F50BA8804040F46DFFB4FE3C43C81269
:20A44800482F532F20F01024532A204040C56DFF03F540F402A46DFFA5FEC812482F532FB5
:20A4680020F01024532A20F010C55AA8532F20406DFFF2F40BA8804040F46DFF93FE3C22F6
:20A48800C812482F534F20F01024534A204040C56DFFE2F440F402A46DFF84FEC812482F20
:20A4A800534F20F01024534A20F010C55AA8534F20406DFFD1F40BA8804040F46DFF72FE74
:20A4C8003C013C33081F82003E068210BE008220BE0D3C2BC812482F102440C502846DFF3B
:20A4E800BBF440F402846DFF5DFE3C1FC812482F532F20F010245328204040C56DFFACF4C6
:20A5080040F402846DFF4EFE3C10C812482F534F20F010245348204040C56DFF9DF440F40D
:20A5280002846DFF3FFE3C01484FA28F6CF43C02825914FFB70F01F134FF02923C01009007
:20A548006D000C006D00B5026D0089076D00BD0182046D00130000904DC0E2FF370FE1F78C
:20A568008B0F20F23C010D00400300003C013C018B0F00223C010090F6430D0000030090BE
:20A588002010DA0089AF0609910000F6D9FF048014FFDF0FB8003C0A91000046D9449C40B0
:20A5A80049A50A0A82146DFF02FF823449A40A0A6D00D40ADF02F2FF0CAA3BA000005F0FBB
:20A5C800A280DA0689AF060991000046D9449C4049A5000A49A6060A82146DFF0EFE49A468
:20A5E800030A91000058D955235282346DFFC2F8DF022480910000F6D9FF008014FF9E2C9D
:20A60800910000F6D9FF0080DA0134FF91000046D9449C406DFFBAFE89A206099100004640
:20A62800D9449C4091000056D955B46049A6060A82046DFFE2FD3C5A49A4030A91000058A7
:20A64800D955275282346DFF95F8DF022480910000F6D9FF3C7014FF9E2C910000F6D9FFD0
:20A668003C70DA0134FF91000046D9449C406DFF8DFE89A2060991000046D9449C409100B6
:20A688000056D955B44049A6060A82046DFFB5FD3C2D49A4030A91000058D9552B528234EA
:20A6A8006DFF68F8DF022380910000F6D9FF088014FF9E2C910000F6D9FF0880DA0134FF89
:20A6C80091000046D9449C406DFF60FE89A2060991000046D9449C4091000056D955B48085
:20A6E80049A6060A82046DFF88FD91000046D9449C406DFF0FFD910000F6D9FF3870DA01B2
:20A7080034FF009000900D00000282046DFF36FF9100004F82046DFF94D3910000F6D9FF10
:20A728001C80DA0034FF0D00400200800D00000282046DFF23FFC5F4004082046DFF81D337
:20A74800910000F6D9FF2080DA0034FF0D004002008002484DC0E1FF16073C01370F4840B7
:20A768004DC0E20F3700E1078B0020F23C013C01EE0D6DFF84D3092010093C013C014C24B3
:20A788003C01A20F3F8FFDFF3C3A82FF5F4F3700DA003E44DA01BE4A3C32910000F6D9FF11
:20A7A8001C80DA0134FF6DFFD9FE85FF100042F8A5F8300002246DFFE1FE3C01910000F6D4
:20A7C800D9FF1C8014FFEEFB3C1A910000F6D9FF2080DA0134FF6DFFC1FE85FF1040428FCE
:20A7E800A5FF304002246DFFC9FE3C01910000F6D9FF208014FFEEFB3C023C010090201071
:20A808004DC0E2FF370FE1F78B0F20823C010D00400300003C013C01820034A0DA002CA2E3
:20A82800DA1F2CA3DA002CA1DA017801DADCACA4DA002CAA9100004F49A5000A6DFF4AD336
:20A848009100004F82046DFFFCD2DA0034AFDA002CA2DA1F2CA3DA002CA1DA017801DADD71
:20A86800ACA4DA012CAAC5F4004049A5000A6DFF31D3C5F4004082046DFFE3D276830D00C8
:20A8880000030090024FBB00C4097FF017803C0A3B0080429BB4E64E6DFF5DFFBB00C40928
:20A8A800A20FBB00C4093FF0F5FF3B50C3400654E2F46DFF50FF3C073B50C3400654E2F4BA
:20A8C8006DFF49FF0090DA003C0C534F2000600F9140003F30F3D93FD438820074F0C21FBB
:20A8E800BF4FF57F0090BB00FEFF26F4DA005F4F3200DA405F4F34003B0014F05F4F350094
:20A908003B0016F05F4F36003B001AF05F4F37003B001CF05F4F38003B001EF05F4F390083
:20A928003B0028F05F4F3A003B002AF05F4F3B003B002CF05F4F3C003B002EF05F4F3D0011
:20A948003B0040F05F4F3E003B0042F05F4F3F003C429140002FD922000A3C3E9140002F41
:20A96800D922008A3C399140002FD922000B3C349140002FD922004B3C2F9140002FD922B3
:20A9880000CB3C2A9140002FD922400B3C259140002FD922404B3C209140002FD922000CEE
:20A9A8003C1B9140002FD922004C3C169140002FD922008C3C119140002FD92200CC3C0CBC
:20A9C8009140002FD922008D3C079140002FD92200CD3C023C013C010090024F02F46DFFE1
:20A9E80084FF161F09202409570061FF6E0382123C0282023C013C0100900B451088026A65
:20AA0800F69DDA003E74DA023E743C05DA003C05DA083C03DA103C013C08DA043E723C03CC
:20AA2800DAC03C03DA803C0102846DFF5EFF8FF80141402402F56DFFDECB02846DFF55FFD0
:20AA48008FF80141820540246DFF07CCDF19198076AC02846DFF49FF8FF801F182100FF004
:20AA68001000892004093C0C02846DFF3EFF8FF801F17B1000000FF0100089200409009038
:20AA8800024F765B02F46DFF30FF161F82100FF01000892004093C0B02F46DFF26FF161F6C
:20AAA8007B1000000FF01000892004090090910000F8D9FF18E0D4F46DFF03C1910000F8D4
:20AAC800D9FF18E0C8246DFFFCC0009020880249025A4DC0E2FF370FE1F78B0F20B23C01F6
:20AAE8000D00400300003C013C01DA024BF901426DFF12C1402F49A4240A40F56DFF38C4BB
:20AB08006DFF07CD02246DFFC5D20B2310C882083C1C820702A60BCD10486DFF53BB0B23D3
:20AB28001048BB0024649BF6006082076DFF9ABBBBF0FFFF7FF203803C0B8FFD1F1077CD54
:20AB4800800F0B0110C8C218DA103FF8E4FFDA103FF80280DA003E98DA013E9DDA02BE9267
:20AB6800DA03BE973C1DDA0089AF2418DA1E89AFA2183C16DA0089AF2A18DA1F89AFA81873
:20AB88003C0FDA0089AF2418DA2089AFA2183C08DA0089AF2A18DA2189AFA8183C01DA0284
:20ABA8004BF90102DF011780DA0089AF0018DA0789AF2018DA0189AF211889A228090BCDD4
:20ABC80010486DFF95D289A22409DA0089AF0C183C15DA0189AF0018DA0989AF2618DA0203
:20ABE80089AF271889A230090BCD10486DFF80D289A22C09DA0089AF1418DA0089AF9A1822
:20AC0800DA0089AF9C18DA0089AF012849A4000A49A5240A6DFFE7C102BF6E030D000003C2
:20AC28004D00D0FF16015E19DA0182103700010E37F0040C89F0283949A4000A6DFFB2C3C6
:20AC48000090DAAB3F4F0D00DA003FF40A005AF4910000F8D9FF3CA190FFD4FFDC0F1D002F
:20AC6800F20391000028D9225C001D00F60391000028D92238E01D00F00391000028D92221
:20AC880048001D00EA0391000028D92234F01D00E40391000028D92220F01D00DE0391002B
:20ACA8000028D9220CF01D00D80391000028D92244101D00D20391000028D92258101D0042
:20ACC800CC0391000028D9226C101D00C60391000028D92270001D00C00391000028D922CF
:20ACE8007C201D00BA0391000028D92268201D00B40391000028D92254201D00AE0391003F
:20AD08000028D92240201D00A80391000028D92278301D00A20391000028D9224C401D0065
:20AD28009C0391000028D92250301D00960391000028D92264301D00900391000028D922D6
:20AD480048501D008A0391000028D92274401D00840391000028D92260401D007E0391001A
:20AD68000028D92244601D00780391000028D92258601D00720391000028D9225C501D00F1
:20AD88006C0391000028D92270501D00660391000028D92254701D00600391000028D92296
:20ADA80040701D005A0391000028D9226C601D00540391000028D92268701D004E039100E2
:20ADC8000028D9227C701D00480391000028D9224C901D00420391000028D92278801D0039
:20ADE8003C0391000028D92264801D00360391000028D92250801D00300391000028D92296
:20AE080060901D002A0391000028D9225CA01D00240391000028D92248A01D001E03910091
:20AE28000028D92274901D00180391000028D92270A01D00120391000028D9226CB01D00C8
:20AE48000C0391000028D92258B01D00060391000028D92244B01D00000391000028D9227D
:20AE680040C01D00FA0291000028D92268C01D00F40291000028D92254C01D00EE0291005C
:20AE88000028D92248F01D00E80291000028D9227CC01D00E20291000028D92274E01D0032
:20AEA800DC0291000028D9224CE01D00D60291000028D92260E01D00D00291000028D92240
:20AEC80078D01D00CA0291000028D92264D01D00C40291000028D92250D01D00BE0291002C
:20AEE8000028D92270F01D00B80291000028D92284001D00B20291000028D92298001D007E
:20AF0800AC0291000028D9225CF01D00A60291000028D922A4201D00A00291000028D922CB
:20AF2800BC101D009A0291000028D92290201D00940291000028D922A8101D008E029100C3
:20AF48000028D92294101D00880291000028D92280101D00820291000028D922AC001D0019
:20AF68007C0291000028D922A0301D00760291000028D922B4301D00700291000028D92257
:20AF8800B8201D006A0291000028D9228C301D00640291000028D92284501D005E029100BF
:20AFA8000028D922B0401D00580291000028D9229C401D00520291000028D92288401D0065
:20AFC8004C0291000028D92280601D00460291000028D92294601D00400291000028D92267
:20AFE80098501D003A0291000028D922AC501D00340291000028D92290701D002E02910073
:20B008000028D922BC601D00280291000028D922A8601D00220291000028D922A4701D00C0
:20B028001C0291000028D922B8701D00160291000028D92288901D00100291000028D9222A
:20B04800B4801D000A0291000028D922A0801D00040291000028D9228C801D00FE01910027
:20B068000028D9229C901D00F80191000028D92298A01D00F20191000028D92280B01D0066
:20B08800EC0191000028D922ACA01D00E60191000028D92284A01D00E00191000028D9222D
:20B0A800B0901D00DA0191000028D92294B01D00D40191000028D922A4C01D00CE019100D1
:20B0C8000028D922B8C01D00C80191000028D922BCB01D00C20191000028D92290C01D00C6
:20B0E800BC0191000028D922A8B01D00B60191000028D9228CD01D00B00191000028D92219
:20B1080088E01D00AA0191000028D922B4D01D00A40191000028D922A0D01D009E0191008C
:20B128000028D9229CE01D00980191000028D922ACF01D00920191000028D92298F01D0059
:20B148008C0191000028D922B0E01D00860191000028D92284F01D00800191000028D922F8
:20B16800E8001D007A0191000028D922D4001D00740191000028D922C0001D006E0191009C
:20B188000028D922E4101D00680191000028D922D0101D00620191000028D922FC001D0029
:20B1A8005C0191000028D922F8101D00560191000028D922F4201D00500191000028D92210
:20B1C800E0201D004A0191000028D922CC201D00440191000028D922C4401D003E01910058
:20B1E8000028D922F0301D00380191000028D922C8301D00320191000028D922DC301D00D5
:20B208002C0191000028D922E8501D00260191000028D922D4501D00200191000028D922FF
:20B22800C0501D001A0191000028D922EC401D00140191000028D922D8401D000E01910023
:20B248000028D922FC501D00080191000028D922E0701D00020191000028D922CC701D0020
:20B26800FC0091000028D922E4601D00F60091000028D922F8601D00F00091000028D922F2
:20B28800D0601D00EA0091000028D922F4701D00E40091000028D922D8901D00DE009100AE
:20B2A8000028D922C4901D00D80091000028D922C8801D00D20091000028D922DC801D0002
:20B2C800CC0091000028D922F0801D00C60091000028D922EC901D00C00091000028D922D2
:20B2E800E4B01D00BA0091000028D922D0B01D00B40091000028D922E8A01D00AE0091003E
:20B308000028D922FCA01D00A80091000028D922C0A01D00A20091000028D922D4A01D0089
:20B328009C0091000028D922DCD01D00960091000028D922F4C01D00900091000028D9228D
:20B34800C8D01D008A0091000028D922CCC01D00840091000028D922E0C03C7E91000028FE
:20B36800D922F8B03C7991000028D922ECE03C7491000028D922C4E03C6F91000028D92286
:20B38800D8E03C6A91000028D922F0D03C6591000028D922C0F03C6091000028D922FCF092
:20B3A8003C5B91000028D922E8F03C5691000028D922D4F03C5191000028D9220C113C4C72
:20B3C80091000028D92238013C4791000028D92210013C4291000028D92224013C3D9100CF
:20B3E8000028D92208213C3891000028D92234113C3391000028D92220113C2E9100002815
:20B40800D9221C213C2991000028D92218313C2491000028D92204313C1F91000028D92232
:20B4280030213C1A91000028D9222C313C1591000028D92214413C1091000028D9220041B1
:20B448003C0B820491000048D9442F523B3010506DFFE1F3A0023C01009020389100014FED
:20B468006DFF5AC4910001FF19FF00C0AE1F9100014F8204BB0068599B85B9546DFF3FC683
:20B488009100014F82246DFF1FC649A4000A9100015F6DFFC3C582083C1982093C133708F8
:20B4A80068F02CA4370948F02CA549A4240A49A5000A6DFF12C549A4240A82146DFFF0C5EB
:20B4C800C219DA083FF9ED7FC218BF48E87F00902038024F0B5610883B0071020B905041AF
:20B4E80091000048D9442F523B8015506DFF93F302F46DFFA8FB402F14FF82003E088210DA
:20B508003E0782203E0682303E053C053C043C033C023C019100014F6DFFFEC39100012FF9
:20B52800192F00C0AE1F9100014F8204BB0068599B85B9546DFFE3C59100014F82246DFF17
:20B54800C3C549A4000A9100015F6DFF67C514FF2CA409FF01082CA5BB0068F99B8FB9F423
:20B568004B0861014B0F51F04B0F71F17802F807DA0189AF120814FF82003E0A8210BE08DC
:20B5880082205F0F260082305F0F33003C418205029409A6080982076DFF14B6FB00716233
:20B5A8000B2310486DFF5EB689A20C093C318205029409A6080982076DFF04B6FB00716276
:20B5C8000B2310486DFF4EB689A20C093C218205029409A6080982076DFFF4B5FB00716287
:20B5E8000B2310486DFF3EB689A20C093C118205029409A6080982076DFFE4B5FB00716297
:20B608000B2310486DFF2EB689A20C093C0149A4240A49A5000A6DFF60C449A4240A82147B
:20B628006DFF2AC50090024F02583B0071020B80504191000048D9442F523B7013506DFFB1
:20B64800EAF202F46DFFFFFA402F14FF3B008000E20F60F29110013F3023D934000D09F4E0
:20B6680001086DFFC9C314FF82003E0A8210BE0682205F0F220082305F0F2D003C39820513
:20B688000284820702266DFF9DB5FB0071620B2310486DFFE7B502283C2B8205028482072A
:20B6A80002266DFF8FB5FB0071620B2310486DFFD9B502283C1D82050284820702266DFFAF
:20B6C80081B5FB0071620B2310486DFFCBB502283C0F82050284820702266DFF73B5FB002A
:20B6E80071620B2310486DFFBDB502283C0114FF3B008000E20F60F29110013F3023D93452
:20B70800000D09F4010802856DFF98C30090A002DA003E48DA013E4BDA023E4EDA03BE4186
:20B728003C1591000026D922B4A03C1091000026D922A0C03C0B91000026D9228CE03C06A5
:20B7480091000026D922B8F03C013C01009020200B4510A80B7610884DC0E2FF370FE1F710
:20B768008B0F20C23C010D00400300003C013C01370A48406DFF3DB691000046D944E4102E
:20B7880040256DFF02BA02A46D00250202A46D00B402910000F6D9FFE410DA0889FF2C0820
:20B7A800910000F6D9FFE410DA04ACF4910000F6D9FFE4104B0B61F16CF1910000F6D9FFF9
:20B7C800E410DA072CFAA00FF4AFA00FF80449A4180A49A5080A0BA9104802866D00280031
:20B7E800DA102CACDA8089AF1C08DA0089AF1D08910000F6D9FFE41049A2000AE8A202A41A
:20B808006DFF87FF91000056D955E41040246DFF82B7820502A46D00B401820502A46D0033
:20B82800F60202CF6E030D0000030090DA003E4CDA015F4F4000DA025F4FC600DA035F4F1E
:20B8480027011D008901F658910000F8D9FF042080FF744F3C1CDF150980910000F8D9FFC6
:20B86800142080FF744F3C13DF250980910000F8D9FF242080FF744F3C0ADF350980910013
:20B8880000F8D9FF342080FF744F3C01F668910000F8D9FF241080FF745F3C0ADF160980F4
:20B8A800910000F8D9FF341080FF745F3C011D005401DF450980910000F8D9FF244080FFE9
:20B8C800744F3C49DF550980910000F8D9FF344080FF744F3C40DF650980910000F8D9FF9A
:20B8E800045080FF744F3C37DF750980910000F8D9FF145080FF744F3C2EDA087E589100A0
:20B9080000F8D9FF245080FF744F3C25DA097E58910000F8D9FF345080FF744F3C1CDA0A1C
:20B928007E58910000F8D9FF046080FF744F3C13DA0B7E58910000F8D9FF146080FF744F01
:20B948003C0ADA0C7E58910000F8D9FF246080FF744F3C01DF460980910000F8D9FF043036
:20B9680080FF745F3C2EDF560980910000F8D9FF143080FF745F3C25DF660980910000F896
:20B98800D9FF243080FF745F3C1CDF360980910000F8D9FF343080FF745F3C13DF760980E7
:20B9A800910000F8D9FF044080FF745F3C0ADF260980910000F8D9FF144080FF745F3C0170
:20B9C8001D00CB00DA0D7E58910000F8D9FF048080FF744F3C2EDA0E7E58910000F8D9FF0A
:20B9E800148080FF744F3C25DA0F7E58910000F8D9FF248080FF744F3C1CDA107E58910059
:20BA080000F8D9FF348080FF744F3C13DA117E58910000F8D9FF049080FF744F3C0ADA12DF
:20BA28007E58910000F8D9FF149080FF744F3C01DA0B7E68910000F8D9FF346080FF745F92
:20BA48003C25DA097E68910000F8D9FF047080FF745F3C1CDA0A7E68910000F8D9FF147086
:20BA680080FF745F3C13DA0C7E68910000F8D9FF247080FF745F3C0ADA087E68910000F873
:20BA8800D9FF347080FF745F3C013C66DA137E58910000F8D9FF24A080FF744F3C37DA1466
:20BAA8007E58910000F8D9FF34A080FF744F3C2EDA157E58910000F8D9FF04B080FF744FAB
:20BAC8003C25DA167E58910000F8D9FF14B080FF744F3C1CDA177E58910000F8D9FF24B07C
:20BAE80080FF744F3C13DA187E58910000F8D9FF34B080FF744F3C0ADA197E58910000F8C6
:20BB0800D9FF04C080FF744F3C01DA0E7E68910000F8D9FF249080FF745F3C1CDA0F7E68A6
:20BB2800910000F8D9FF349080FF745F3C13DA0D7E68910000F8D9FF04A080FF745F3C0ACD
:20BB4800DA107E68910000F8D9FF14A080FF745F3C013C023C010090404F82086DFFD9FD03
:20BB6800D424094F5208161F3C016E07D424821440F56DFFC7B4821802823C01009002583D
:20BB8800910000F6D9FFE410D4FF370448406DFF30B491000046D944E41040256DFFF5B7FF
:20BBA80040F46DFF96B4370868F06E03DA013C02DA0009F0431837F001F289FF031876858C
:20BBC8000C2196042C213C050C21B70F01F12C210090DA003E4CDA015F4F2B00DA025F4FA4
:20BBE8004900DA035F4F67001D008600910000F6D9FFE41091000026D922B8B0E8C29100B7
:20BC080000F6D9FFE41091000026D92290B0E8E2910000F6D9FFE410DA0189FFAE089100A1
:20BC280000F6D9FFE410DA0189FFB4083C64910000F6D9FFE41091000026D922A4D0E8C258
:20BC4800910000F6D9FFE41091000026D922BCC0E8E2910000F6D9FFE410DA0189FFAE0825
:20BC6800910000F6D9FFE410DA0189FFB4083C43910000F6D9FFE41091000026D92290F046
:20BC8800E8C2910000F6D9FFE41091000026D922A8E0E8E2910000F6D9FFE410DA0189FFE5
:20BCA800AE08910000F6D9FFE410DA0189FFB4083C22910000F6D9FFE41091000026D922F1
:20BCC800FC00E8C2910000F6D9FFE41091000026D922D400E8E2910000F6D9FFE410DA01E5
:20BCE80089FFAE08910000F6D9FFE410DA0189FFB4083C010090DA003E4BDA015F4F2600AD
:20BD0800DA025F4F4000DA035F4F5A003C75910000F6D9FFE410DA0A89FFA008910000F6CD
:20BD2800D9FFE410DA0B89FFA208910000F6D9FFE410DA0C89FFA408910000F6D9FFE41058
:20BD4800DA0089FF26083C61910000F6D9FFE410DA0D89FFA008910000F6D9FFE410DA0E09
:20BD680089FFA208910000F6D9FFE410DA0F89FFA408910000F6D9FFE410DA0089FF260836
:20BD88003C44910000F6D9FFE410DA1089FFA008910000F6D9FFE410DA1189FFA2089100AD
:20BDA80000F6D9FFE410DA1289FFA408910000F6D9FFE410DA0089FF26083C27910000F6CC
:20BDC800D9FFE410DA1389FFA008910000F6D9FFE410DA1489FFA208910000F6D9FFE410AC
:20BDE800DA1589FFA408910000F6D9FFE410DA0089FF26083C0A820491000048D9441662FB
:20BE08003BC006506DFF07EF00900258910000F6D9FFE410D4FF370448406DFFEAB29100FB
:20BE28000046D944E41040256DFFAFB640F46DFF5DB3370868F06E03DA013C02DA0009F0C9
:20BE4800431837F081F389FF031876850C2196042C213C050C21B70F01F12C210090404FA0
:20BE6800025F6DFF56FCD42440F502F46DFF40B40090200834A56DFF4CFCD42449A5000AE3
:20BE880082146DFF35B400900248404F3C0909FF0008B01F370F685002846DFFECFF09FF3F
:06BEA8000008EEF6009018
:09BEB000696E69745F66736D0030
:0BBEBC006C65645F6578706F72740045
:0FBEC800756172745F6E756C6C5F696E69740082
:20BED800696E69745F746573745F74696D6572006D6F64756C655F6E756C6C5F696E697444
:01BEF8000049
:13BEFC006469727665725F756172745F6578706F7274008B
:20BF10006472697665725F6D6F746F725F6578706F7274006472697665725F70696E5F6DF6
:0ABF300063755F6578706F7274002E
:19BF3C00696E69745F756172745F68616E646C65725F6578706F727400DF
:20BF5800A5A5A5A5C8BE0080FA780080000000000000000000000000A5A5A5A5A5A5A5A515
:20BF7800E8BE00800CA70080000000000000000000000000A5A5A5A5A5A5A5A58216008010
:20BF980006660080000000000001000000000000A5A5A5A5A5A5A5A5292000809097008004
:20BFB800000000000001000000000000A5A5A5A5A5A5A5A524BF00802467008000000000D2
:20BFD8000001000000000000A5A5A5A5A5A5A5A5FCBE0080386600800000000000010000C7
:20BFF80000000000A5A5A5A5A5A5A5A510BF00806A66008000000000000100000000000061
:20C01800A5A5A5A5A5A5A5A5B0BE008042930080000000000002000000000000A5A5A5A507
:20C03800A5A5A5A5D8BE0080AE970080000000000002000000000000A5A5A5A5A5A5A5A54F
:20C05800BCBE0080028D0080000000000003000000000000A5A5A5A5A5A5A5A53CBF008019
:20C07800E4970080000000000004000000000000A5A5A5A500A60160F4070060F407006058
:20C09800000000005000000009000000440800604408006000000000500000000A0001007C
:20C0B800000000000000000000000000FFFFFFFF0600020000000000000000000000000064
:20C0D800000000000000000000000000000000000000000000000000000000000000000048
:20C0F800000000000000000000000000000000000000000000000000000000000000000028
:20C11800000000000000000000000000000000000000000000000000000000000000000007
:20C138000000000000000000000000000000000000000000000000000000000000000000E7
:20C158000000000000000000000000000000000000000000000000000000000000000000C7
:20C178000000000000000000000000000000000000000000000000000000000000000000A7
:20C19800DC1700805C1800803B190080141A0080DB1A008000000000000000000000000029
:20C1B80000000000000000000000000000000000000000000412008000000000EF1B008047
:20C1D8000000000000000000171C0080C11C0080F11C0080311D008000C201000800000110
:20C1F800E21D0080121F0080FA000000D48A0080020000000CA70080261F0080441F008042
:20C218005F1F0080DA1F0080FBFFFFFF00000000FCFFFFFF00000000FDFFFFFF00000000A4
:20C23800FEFFFFFF00000000FFFFFFFF000000001D2000800CA700800CA700800CA7008099
:20C258000CA700800000000000000000002D3101000000000000000000000000800455AAB1
:12C278000006FAFFFFFFFFFB00010000000000000101BA
:20C28C0001000000000000605CC200800C000000010000000C0000608CC00080200100002D
:20C2AC00010000002C01006068C20080040000000100000030010060ACC100802C0000008B
:20C2CC00010000005C0100606CC20080080000000100000064010060D8C1008004000000FB
:20C2EC00010000006801006074C2008001000000010000006C010060DCC1008008000000BE
:20C30C00010000007401006075C20080010000000100000078010060E4C10080380000004C
:20C32C0001000000B001006076C200800A00000001000000BC0100601CC200803000000071
:20C34C0001000000EC01006080C200800100000001000000F001006081C2008001000000AA
:20C36C0001000000F401006082C200800100000001000000F801006083C200800100000076
:20C38C0001000000FC01006084C2008001000000010000000002006085C200800100000041
:20C3AC00010000000402006086C2008001000000010000000802006087C20080010000000C
:20C3CC00010000000C0200604CC2008010000000010000001C02006088C2008001000000FA
:20C3EC00010000002002006089C20080010000000200000024020060000000002100000039
:20C40C0002000000480200600000000052060000020000009C0800600000000065000000A1
:20C42C00020000000409006000000000F101000002000000F80A0060000000002500000006
:20C44C0002000000200B0060000000004100000002000000640B006000000000250000000C
:20C46C00020000008C0B0060000000004100000002000000D00B0060000000002500000014
:20C48C0002000000F80B00600000000041000000020000003C0C006000000000250000001B
:20C4AC0002000000640C006000000000400000000100000000000070C42100800400000084
:10C4CC000000000000000000000000000000000060
:02000004800278
:2000000000000000700059B30000000000000000000000000000000064B81E799B47E18668
:02000004800F6B
:0A414000911000E8D9EEEC18DC0E37
:0A416000911000E8D9EED818DC0E2B
:0A418000911000E8D9EEFC08DC0EF7
:0A41C000910000E8D9EE4CD6DC0EA9
:0A41E000911000E8D9EEFC18DC0E87
:0A420000911000E8D9EEEC18DC0E76
:0A422000911000E8D9EEF428DC0E3E
:0A424000911000E8D9EED828DC0E3A
:0A426000911000E8D9EEEC18DC0E16
:0A428000911000E8D9EEEE38DC0ED4
:0A42A000911000E8D9EED238DC0ED0
:0A43C000910000E8D9EE5C16DC0E57
:0A43E000911000E8D9EE98C8DC0E39
:0A440000911000E8D9EEBAC8DC0EF6
:0A442000911000E8D9EE9CD8DC0EE4
:0A450000911000E8D9EE9CE8DC0EF3
:0A452000911000E8D9EE88F8DC0ED7
:0A456000911000E8D9EEC208DC0E4D
:0A478000911000E8D9EEBED8DC0E5F
:0A5B8000911000E8D9EE4ECADC0EC9
:0A5BA000911000E8D9EE74CADC0E83
:040000058000002057
:00000001FF
